artist_id,name,followers,popularity,genres,total_releases,releases_last_year,avg_release_interval_days,days_since_last_release,playlist_count,sampled_playlists,total_playlist_followers,avg_playlist_followers,total_markets,top_markets,estimated_monthly_growth_rate,months_since_last_release,growth_category,recency_score,release_velocity,has_playlists,follower_per_release,popularity_to_follower_ratio,playlist_reach
4ZqPmeHmCFc9LDbOSdpzaM,Cotton Duck,284,44,[],7,6,32.666666666666664,184.0,0,0.0,0,0.0,185,"['AR', 'AU', 'AT', 'BE', 'BO', 'BR', 'BG', 'CA', 'CL', 'CO']",3.3000000000000003,6.0,1,0.36787944117144233,2.8723404255319154,0,35.5,17.825692299411124,0.0
2SdcyCKXwjtQJymVLGyBlx,Jamis,6227,55,"['big room', 'deep house', 'chill house', 'stutter house']",50,1,68.95348837209302,238.0,1,1.0,2,2.0,185,"['CY', 'GR', 'HK', 'HU', 'MY', 'PH', 'PT', 'SG', 'TW', 'TR']",3.6666666666666674,8.0,1,0.26359713811572677,0.30317273795534666,1,122.09803921568627,14.49284625500335,1.0
5BCLvW3qaUm39VjiZ8INmm,edapollo,16293,54,[],50,8,42.53061224489796,2.0,1,1.0,582,582.0,185,"['AR', 'AU', 'AT', 'BE', 'BO', 'BR', 'BG', 'CA', 'CL', 'CO']",5.175000000000001,1.0,2,0.8464817248906141,3.308947664603264,1,319.47058823529414,12.819698567104588,291.0
4yQuesrp8IhygGPmYRljLx,Bryce Adkins,1660,1,[],33,3,42.241379310344826,35.0,0,0.0,0,0.0,185,"['AR', 'AU', 'AT', 'BE', 'BO', 'BR', 'BG', 'CA', 'CL', 'CO']",0.09583333333333334,1.0,0,0.8464817248906141,1.2458233890214796,0,48.8235294117647,0.31029723183929614,0.0
5YZ5AExR68U3ZblH6HcO6B,Leven Kali,200629,59,[],50,9,62.916666666666664,21.0,1,1.0,570,570.0,185,"['AR', 'BO', 'BR', 'CA', 'CL', 'CO', 'CR', 'DO', 'EC', 'SV']",5.654166666666667,1.0,2,0.8464817248906141,2.905829596412556,1,3933.901960784314,11.127004592128536,285.0
1BPsbKiNgav1TY1ITIU8C5,Benji Lewis,20671,47,[],40,2,112.92307692307692,51.0,0,0.0,0,0.0,185,"['AR', 'AU', 'AT', 'BE', 'BO', 'BR', 'BG', 'CA', 'CL', 'CO']",4.308333333333333,2.0,1,0.7165313105737893,0.41980624327233584,0,504.1707317073171,10.890793866587805,0.0
20rKUmFZsfv9GBXiv6R9d6,CamrinWatsin,22102,69,[],50,41,23.5,9.0,0,0.0,0,0.0,185,"['AR', 'AU', 'BO', 'BR', 'BG', 'CA', 'CL', 'CO', 'CR', 'CY']",6.6125,1.0,2,0.8464817248906141,22.990654205607477,0,433.37254901960785,15.881681836036227,0.0
6HabM2PUM519iIxervGWSb,Prospa,55364,52,[],50,5,58.97872340425532,28.0,1,1.0,564,564.0,185,"['AR', 'BO', 'BR', 'CA', 'CL', 'CO', 'CR', 'DO', 'EC', 'SV']",4.983333333333333,1.0,1,0.8464817248906141,1.6857962697274032,1,1085.5686274509803,10.962818155959283,282.0
5rjz63sgMaAUAyBMyCUK5D,Avery Anna,181588,72,[],50,30,35.16279069767442,9.0,6,6.0,174,29.0,185,"['AR', 'AU', 'BE', 'BO', 'BR', 'BG', 'CA', 'CL', 'CO', 'CR']",6.8999999999999995,1.0,2,0.8464817248906141,13.811563169164883,1,3560.549019607843,13.690526623685182,24.857142857142858
6ljotXgL1sbhiI7aiF7W8O,Louk,4183,51,"['lo-fi beats', 'lo-fi', 'jazz beats']",50,33,45.130434782608695,0.0,1,1.0,5,5.0,185,"['AU', 'HK', 'MY', 'NZ', 'PH', 'SG', 'TW', 'ID', 'TH', 'VN']",4.8875,1.0,1,0.8464817248906141,13.177083333333334,1,82.01960784313725,14.078578322347573,2.5
4NyAVAttRLmlUpV7HpgLfR,Lenji,1769,55,['afro house'],31,5,70.23333333333333,14.0,0,0.0,0,0.0,185,"['AR', 'AU', 'AT', 'BE', 'BO', 'BR', 'BG', 'CA', 'CL', 'CO']",5.270833333333334,1.0,1,0.8464817248906141,1.4965081476554705,0,55.28125,16.92216079330232,0.0
1OIiJfaxjDFfRRZG061t3w,Chenai,896,37,['piano house'],27,3,107.24,105.0,0,0.0,0,0.0,185,"['AR', 'AU', 'BE', 'BO', 'BR', 'BG', 'CA', 'CL', 'CO', 'CR']",3.0833333333333335,4.0,0,0.513417119032592,0.6557854852812591,0,32.0,12.51213932120631,0.0
7u4ayw4QFEsolPxZgnPAMT,Jonasu,19036,47,[],50,8,23.23404255319149,112.0,0,0.0,0,0.0,185,"['HK', 'TW', 'ID', 'TH', 'VN', 'IN', 'MO', 'AR', 'AU', 'BO']",3.9166666666666665,4.0,1,0.513417119032592,4.508393285371703,0,373.2549019607843,10.981811881119642,0.0
4tKUuPctyFQus63BKH4JtG,Reigns,2503,36,['bassline'],50,12,72.88095238095238,0.0,0,0.0,0,0.0,185,"['NZ', 'AU', 'JP', 'HK', 'MY', 'PH', 'SG', 'TW', 'ID', 'KH']",3.4499999999999997,1.0,1,0.8464817248906141,3.4991900023142795,0,49.07843137254902,10.587635882608897,0.0
5pt7WjrFzXBEV7DfQ8CuuM,Hakuna Bruv,309,3,[],20,7,110.28571428571429,7.0,0,0.0,0,0.0,185,"['AR', 'AU', 'AT', 'BE', 'BO', 'BR', 'BG', 'CA', 'CL', 'CO']",0.28750000000000003,1.0,0,0.8464817248906141,1.4969450101832993,0,14.714285714285714,1.1981832268570218,0.0
4k83yzQaZNeCZujEf03U8i,Under Above,1863,30,"['chill house', 'lounge']",50,5,42.8936170212766,105.0,2,2.0,324,162.0,185,"['AU', 'HK', 'MY', 'NZ', 'PH', 'SG', 'TW', 'TR', 'ID', 'JP']",2.5,4.0,1,0.513417119032592,2.0577933450087564,1,36.529411764705884,9.16719745984467,108.0
3vVw6m3rihy77VuqxApdLA,Blurred Figures,3380,49,['lo-fi'],41,8,49.325,119.0,0,0.0,0,0.0,185,"['AR', 'AU', 'AT', 'BE', 'BO', 'BR', 'BG', 'CA', 'CL', 'CO']",4.083333333333333,4.0,1,0.513417119032592,3.0255278915852504,0,80.47619047619048,13.880234601159147,0.0
63Uotocmp2cieAZLI0Y4wv,Crime Zcene,6592,31,"['bass house', 'future house']",28,4,121.15384615384616,77.0,0,0.0,0,0.0,185,"['HK', 'TW', 'MO', 'AR', 'AU', 'AT', 'BE', 'BO', 'BR', 'BG']",2.7125,3.0,0,0.6065306597126334,0.7938931297709924,0,227.31034482758622,8.115872627852514,0.0
1oaELF1Z21iJBfE3tfyyt2,Eric Vanlerberghe,1764,50,[],11,6,274.0,35.0,0,0.0,0,0.0,185,"['AR', 'AU', 'AT', 'BE', 'BO', 'BR', 'BG', 'CA', 'CL', 'CO']",4.791666666666667,1.0,1,0.8464817248906141,0.5921052631578948,0,147.0,15.389570279344008,0.0
38Z7dMMVB0YYbKn4fDYNz3,Oliver Dollar,31702,49,[],50,8,119.92857142857143,35.0,0,0.0,0,0.0,185,"['AR', 'AU', 'BE', 'BO', 'BR', 'BG', 'CA', 'CL', 'CO', 'CR']",4.695833333333334,1.0,1,0.8464817248906141,1.600762267746546,0,621.6078431372549,10.885928804533313,0.0
3HutVQvkOWjDk8fYsWATEr,Klaverson,2486,49,[],19,9,50.44444444444444,58.0,0,0.0,0,0.0,185,"['AR', 'AU', 'AT', 'BE', 'BO', 'BR', 'BG', 'CA', 'CL', 'CO']",4.491666666666666,2.0,1,0.7165313105737893,3.3563535911602216,0,124.3,14.423453723024776,0.0
53rCVzFVlyntj7jEjnY2oM,Yasumu,17000,53,"['lo-fi', 'lo-fi beats']",50,17,31.46938775510204,49.0,0,0.0,0,0.0,185,"['AR', 'AU', 'AT', 'BE', 'BO', 'BR', 'BG', 'CA', 'CL', 'CO']",4.858333333333333,2.0,1,0.7165313105737893,8.296812749003985,0,333.3333333333333,12.527464949386564,0.0
2aLLYZ0sdqweMEPFUyYIXJ,NOTSOBAD,18860,61,"['slap house', 'deep house']",50,13,34.69047619047619,70.0,0,0.0,0,0.0,185,"['AR', 'BE', 'BO', 'BR', 'BG', 'CL', 'CO', 'CR', 'CY', 'CZ']",5.591666666666666,2.0,2,0.7165313105737893,6.028708133971292,0,369.80392156862746,14.266429880800473,0.0
28Upea6Tkq0l5oTu0dtX1c,ALLKNIGHT,2275,50,['melodic house'],50,19,20.645833333333332,3.0,1,1.0,70,70.0,185,"['AR', 'AU', 'BO', 'BR', 'CA', 'CL', 'CO', 'CR', 'CY', 'DK']",4.791666666666667,1.0,1,0.8464817248906141,11.25462772521596,1,44.6078431372549,14.885886855712686,35.0
2qPxiZiD34NtmokWN6RoP2,King Topher,21566,36,"['future house', 'tropical house']",50,1,60.142857142857146,112.0,0,0.0,0,0.0,185,"['AR', 'AU', 'BE', 'BO', 'BR', 'BG', 'CA', 'CL', 'CO', 'CR']",3.0,4.0,0,0.513417119032592,0.3328050713153724,0,422.8627450980392,8.306470106246325,0.0
2dKZypJTEFmqwehvMnIsWM,Zak Joshua,1232,32,['chill house'],23,0,93.11111111111111,742.0,0,0.0,0,0.0,185,"['AR', 'AU', 'AT', 'BE', 'BO', 'BR', 'BG', 'CA', 'CL', 'CO']",0.32,24.0,0,0.01831563888873418,0.0,0,51.333333333333336,10.342192124258373,0.0
0WRqpklDf9jCcdVitOJGn6,Carston,2616,59,"['lounge', 'tropical house']",50,23,35.15909090909091,0.0,0,0.0,0,0.0,185,"['NZ', 'TO', 'WS', 'FJ', 'KI', 'MH', 'NR', 'TV', 'AU', 'FM']",5.654166666666667,1.0,2,0.8464817248906141,10.589466341123126,0,51.294117647058826,17.255020348097986,0.0
5YO0geCxpn0X9dUZbKuB2S,Konqwest,1711,6,[],5,5,57.0,41.0,0,0.0,0,0.0,185,"['AR', 'AU', 'AT', 'BE', 'BO', 'BR', 'BG', 'CA', 'CL', 'CO']",0.5750000000000001,1.0,0,0.8464817248906141,1.7241379310344829,0,285.1666666666667,1.854266478617452,0.0
7C3Cbtr2PkH2l4tOGhtCsk,Shallou,234389,60,[],50,11,60.857142857142854,7.0,4,4.0,3688,922.0,185,"['AR', 'BE', 'BO', 'BR', 'BG', 'CA', 'CL', 'CO', 'CR', 'CY']",5.75,1.0,2,0.8464817248906141,3.6320754716981134,1,4595.862745098039,11.173276418369413,737.6
7BnkxdNS3CZUo6nxGNVcVI,Dymz,18086,11,[],12,2,278.6666666666667,100.0,0,0.0,0,0.0,185,"['AR', 'AU', 'AT', 'BE', 'BO', 'BR', 'BG', 'CA', 'CL', 'CO']",0.9625,3.0,0,0.6065306597126334,0.19438444924406045,0,1391.2307692307693,2.5836257485844354,0.0
3CYrfsHEf7AZRlKUvzTnpA,Rules,32099,58,"['chill house', 'deep house']",15,6,89.0,91.0,49,10.0,36,3.6,185,"['AR', 'BO', 'BR', 'CA', 'CL', 'CO', 'CR', 'CY', 'DO', 'EC']",5.074999999999999,3.0,2,0.6065306597126334,1.5126050420168067,1,2006.1875,12.869936391341888,0.72
6e5TFHHFWLHjX82Vwacq6g,Mark F. Angelo,1386,30,"['chill house', 'tropical house', 'deep house']",37,5,120.0,36.0,0,0.0,0,0.0,185,"['AR', 'AU', 'AT', 'BE', 'BO', 'BR', 'CL', 'CO', 'CR', 'CZ']",2.875,1.0,0,0.8464817248906141,1.0,0,36.473684210526315,9.539298260456007,0.0
1R9fj5Tiy9XMFp5ANzS7FA,Jhove,15451,54,"['lo-fi', 'lo-fi beats']",50,5,44.95918367346939,0.0,0,0.0,0,0.0,185,"['AU', 'HK', 'MY', 'NZ', 'PH', 'SG', 'TW', 'ID', 'JP', 'TH']",5.175000000000001,1.0,2,0.8464817248906141,2.001089028042472,0,302.96078431372547,12.890173681161697,0.0
0iUqI72KPizQjkuzlzAaAb,disco hibisco,403,8,[],8,3,104.57142857142857,63.0,0,0.0,0,0.0,185,"['AR', 'AU', 'AT', 'BE', 'BO', 'BR', 'BG', 'CA', 'CL', 'CO']",0.7333333333333334,2.0,0,0.7165313105737893,0.6687898089171974,0,44.77777777777778,3.058162366263246,0.0
7btR5VXutQv39SDEzcfXEk,Nic Fanciulli,83048,53,"['tech house', 'house']",50,4,118.47916666666667,21.0,1,1.0,17330,17330.0,185,"['AR', 'AU', 'AT', 'BE', 'BO', 'BR', 'BG', 'CL', 'CO', 'CR']",5.079166666666667,1.0,1,0.8464817248906141,0.8081941911042514,1,1628.3921568627452,10.773712169094026,8665.0
1U9hBysBGXCrNattYXa6L1,Umbriel,218,29,['lo-fi'],20,8,65.42105263157895,39.0,0,0.0,0,0.0,185,"['AR', 'AU', 'AT', 'BE', 'BO', 'BR', 'BG', 'CA', 'CL', 'CO']",2.7791666666666663,1.0,0,0.8464817248906141,2.515168229453944,0,10.380952380952381,12.298897926247246,0.0
5wEF5my54dE5vMMmSUz2q3,Glimlip,17585,51,"['lo-fi', 'lo-fi beats', 'jazz beats']",50,12,28.979166666666668,2.0,0,0.0,0,0.0,185,"['AR', 'AU', 'AT', 'BE', 'BO', 'BR', 'BG', 'CA', 'CL', 'CO']",4.8875,1.0,1,0.8464817248906141,6.103850229600848,0,344.80392156862746,12.013032667303607,0.0
1hg70WTHwGUQ7XDbjy3szw,My Friend,9245,43,"['melodic house', 'deep house', 'progressive house']",50,10,52.285714285714285,0.0,48,10.0,6390,639.0,185,"['AU', 'HK', 'MY', 'NZ', 'PH', 'SG', 'TW', 'ID', 'JP', 'TH']",4.120833333333334,1.0,1,0.8464817248906141,3.6458333333333335,1,181.27450980392157,10.841129386936146,130.40816326530611
7m0d5KbIfUlF3aY9KnTw5U,Jai Nova,6937,45,[],35,5,100.44117647058823,22.0,0,0.0,0,0.0,185,"['AR', 'AU', 'AT', 'BE', 'BO', 'BR', 'BG', 'CA', 'CL', 'CO']",4.3125,1.0,1,0.8464817248906141,1.1499436302142052,0,192.69444444444446,11.713267645116254,0.0
1LgEmkIWxBhh25V06pRGl2,XYSM,3900,54,"['chill house', 'tropical house']",49,9,58.520833333333336,21.0,1,1.0,950,950.0,185,"['AR', 'BO', 'BR', 'BG', 'CA', 'CL', 'CO', 'CR', 'CY', 'CZ']",5.175000000000001,1.0,1,0.8464817248906141,3.0501294422216993,1,78.0,15.032667835406594,475.0
4JEwT8UJ2ihmM7xWjrtPqP,Rromarin,2059,42,[],50,5,86.23404255319149,14.0,0,0.0,0,0.0,185,"['HK', 'TW', 'MO', 'AR', 'BE', 'BO', 'BR', 'BG', 'CL', 'CO']",4.025,1.0,1,0.8464817248906141,1.2904997254255903,0,40.372549019607845,12.666777385832017,0.0
0ZwQMCRqfyh1OGQkBh9Cnj,Kideko,34412,42,"['house', 'piano house']",50,6,47.25,7.0,1,1.0,51,51.0,185,"['AR', 'AU', 'BE', 'BO', 'BR', 'BG', 'CA', 'CL', 'CO', 'CR']",4.025,1.0,1,0.8464817248906141,2.3300970873786406,1,674.7450980392157,9.257552856612278,25.5
7koJQAjVzXoUpH6pXrihXA,Bodybangers,37982,48,['slap house'],50,8,70.14893617021276,0.0,0,0.0,0,0.0,185,"['HK', 'MY', 'PH', 'SG', 'TW', 'ID', 'JP', 'TH', 'VN', 'KR']",4.6000000000000005,1.0,1,0.8464817248906141,2.3964308476736775,0,744.7450980392157,10.481053826095701,0.0
7h94PcS9flGlPpsM66SD24,Reiny,352,40,[],8,2,104.0,23.0,0,0.0,0,0.0,185,"['AR', 'AU', 'AT', 'BE', 'BO', 'BR', 'BG', 'CA', 'CL', 'CO']",3.8333333333333335,1.0,0,0.8464817248906141,0.44776119402985076,0,39.111111111111114,15.632886238257717,0.0
5Q8SQMqaQ7raho7aFFj4Mq,Dave Replay,526,18,['nu disco'],50,1,105.0,266.0,0,0.0,0,0.0,185,"['AR', 'BO', 'BR', 'CL', 'CO', 'CR', 'CY', 'CZ', 'DO', 'EC']",1.125,9.0,0,0.22313016014842982,0.2222222222222222,0,10.313725490196079,6.595424383306041,0.0
4ki2ly90U04LtkROtKT7jU,Luh Twizzy,279,2,[],19,8,51.5,15.0,0,0.0,0,0.0,185,"['AR', 'AU', 'AT', 'BE', 'BO', 'BR', 'BG', 'CA', 'CL', 'CO']",0.19166666666666668,1.0,0,0.8464817248906141,2.9447852760736195,0,13.95,0.812711509291959,0.0
4d2NUjh9ZrzG1ZZdhpSDKH,Ewan McVicar,55208,49,[],50,10,58.45652173913044,7.0,1,1.0,1033,1033.0,185,"['AR', 'BE', 'BO', 'BR', 'BG', 'CA', 'CL', 'CO', 'CR', 'CY']",4.695833333333334,1.0,1,0.8464817248906141,3.391496682231506,1,1082.5098039215686,10.333016957110377,516.5
0bUZrFj7rstq07E4iAJHgZ,KC Lights,34483,50,"['house', 'piano house']",50,7,32.770833333333336,107.0,0,0.0,0,0.0,185,"['HK', 'IE', 'MY', 'PH', 'SG', 'TW', 'GB', 'ID', 'TH', 'VN']",4.166666666666667,4.0,1,0.513417119032592,3.3455028211085303,0,676.1372549019608,11.01872287010041,0.0
6b6O55rHSZAXU9Ro4KKGxy,Amadea,2755,35,"['chill house', 'deep house']",7,0,292.3333333333333,455.0,0,0.0,0,0.0,185,"['AR', 'AU', 'AT', 'BE', 'BO', 'BR', 'BG', 'CA', 'CL', 'CO']",1.3124999999999998,15.0,0,0.0820849986238988,0.0,0,344.375,10.169407405541248,0.0
78wKYRdzGGl4sYUFx5gRAn,Tom Brownlow,1264,32,"['chill house', 'lounge']",50,14,28.729166666666668,0.0,0,0.0,0,0.0,185,"['NZ', 'TO', 'WS', 'FJ', 'KI', 'MH', 'NR', 'TV', 'AU', 'FM']",3.066666666666667,1.0,0,0.8464817248906141,7.151472153245832,0,24.784313725490197,10.30539580592795,0.0
51Rlwvwkj8L3zakIRr6dUV,Seb Wildblood,47448,47,['lo-fi house'],50,7,73.02083333333333,9.0,1,1.0,1275,1275.0,185,"['AR', 'AU', 'AT', 'BE', 'BO', 'BR', 'BG', 'CA', 'CL', 'CO']",4.504166666666666,1.0,1,0.8464817248906141,2.038422649140546,1,930.3529411764706,10.050660822052167,637.5
4zxtCQ4mwZH38FVCSbpqlZ,THAT KIND,12012,42,['piano house'],50,7,49.8936170212766,91.0,48,10.0,8,0.8,185,"['AR', 'BO', 'BR', 'CA', 'CL', 'CO', 'CR', 'EC', 'SV', 'GT']",3.675,3.0,1,0.6065306597126334,2.62849533954727,1,235.52941176470588,10.294176375252798,0.16326530612244897
6OL9gPy8ipfdwLCSaH5vrs,Lilith Rising,498,2,[],8,1,201.85714285714286,57.0,0,0.0,0,0.0,185,"['AR', 'AU', 'AT', 'BE', 'BO', 'BR', 'BG', 'CA', 'CL', 'CO']",0.18333333333333335,2.0,0,0.7165313105737893,0.12939001848428835,0,55.333333333333336,0.739135526641833,0.0
1Mh9G47YfuaLdQs44voLrQ,Hoogway,17242,62,"['lo-fi', 'lo-fi beats']",50,41,39.74418604651163,10.0,1,1.0,1,1.0,185,"['AR', 'AU', 'AT', 'BE', 'BO', 'BR', 'BG', 'CA', 'CL', 'CO']",5.941666666666667,1.0,2,0.8464817248906141,17.635878626208736,1,338.078431372549,14.633549545451505,0.5
05KDKIpxshxrB9BMewaCBW,Love Regenerator,51476,40,[],15,1,118.57142857142857,217.0,0,0.0,0,0.0,185,"['AR', 'AU', 'AT', 'BE', 'BO', 'BR', 'BG', 'CA', 'CL', 'CO']",2.833333333333333,7.0,0,0.3114032239145977,0.20192307692307693,0,3217.25,8.48952439487741,0.0
37fzXndf2fxVrk7qarhyo0,Leo Stannard,38300,60,[],50,3,65.89795918367346,245.0,0,0.0,0,0.0,185,"['AR', 'BE', 'BO', 'BR', 'BG', 'CA', 'CL', 'CO', 'CR', 'CY']",4.0,8.0,2,0.26359713811572677,0.9384975526707812,0,750.9803921568628,13.090969589326267,0.0
0NlGvbM8SmFXmaBb6pu1qg,EZIA,504,39,['deep house'],26,2,99.31818181818181,23.0,0,0.0,0,0.0,185,"['AR', 'AU', 'AT', 'BE', 'BO', 'BR', 'BG', 'CA', 'CL', 'CO']",3.7375000000000003,1.0,0,0.8464817248906141,0.46397188049209137,0,18.666666666666668,14.386031195604753,0.0
4CA8PTrbq1l5IgyvBA2JSV,Paul Woolford,54403,54,['piano house'],50,3,33.47826086956522,21.0,0,0.0,0,0.0,185,"['HK', 'MY', 'PH', 'SG', 'TW', 'ID', 'TH', 'VN', 'IL', 'SA']",5.175000000000001,1.0,2,0.8464817248906141,1.417808219178082,0,1066.7254901960785,11.402742898479676,0.0
1QOHbhVRpDoNtRkz79si6b,Karen Harding,60022,55,[],50,9,32.765957446808514,56.0,0,0.0,0,0.0,185,"['HK', 'TW', 'MO', 'AR', 'BO', 'BR', 'BG', 'CA', 'CL', 'CO']",5.041666666666666,2.0,2,0.7165313105737893,4.301694915254237,0,1176.9019607843138,11.510170314881496,0.0
4961tplpADAjhtfTzgBtKk,Ky akasha,3542,50,['lo-fi'],36,7,50.529411764705884,53.0,0,0.0,0,0.0,185,"['AR', 'AU', 'AT', 'BE', 'BO', 'BR', 'BG', 'CA', 'CL', 'CO']",4.583333333333333,2.0,1,0.7165313105737893,2.607742878013148,0,95.72972972972973,14.082630850608478,0.0
0WHbjg8hVel1R9kq5794HX,Shimza,196465,52,"['afro house', 'gqom', 'tribal house', 'organic house']",50,12,73.35416666666667,28.0,2,2.0,8080,4040.0,185,"['AR', 'AU', 'AT', 'BO', 'BR', 'BG', 'CA', 'CL', 'CO', 'CR']",4.983333333333333,1.0,1,0.8464817248906141,3.48316871598468,1,3852.2549019607845,9.823725901025187,2693.3333333333335
20FV5Wq7ht0cmWWvFdNjPh,Carrick,163,25,['lo-fi'],10,0,140.44444444444446,469.0,0,0.0,0,0.0,185,"['AR', 'AU', 'AT', 'BE', 'BO', 'BR', 'BG', 'CA', 'CL', 'CO']",0.9375,15.0,0,0.0820849986238988,0.0,0,14.818181818181818,11.170458001311912,0.0
6epVsx5GlfaQOg5cNe4fUP,BVG,7128,49,['lo-fi'],50,0,37.51111111111111,469.0,1,1.0,3767,3767.0,185,"['AR', 'AU', 'AT', 'BE', 'BO', 'BR', 'BG', 'CA', 'CL', 'CO']",1.8375,15.0,1,0.0820849986238988,0.0,1,139.76470588235293,12.715460415890583,1883.5
5tPvJ39l1IXfzW2jk6jtUp,Ferington,1301,35,['deep house'],6,0,403.2,455.0,0,0.0,0,0.0,185,"['AR', 'AU', 'AT', 'BE', 'BO', 'BR', 'BG', 'CA', 'CL', 'CO']",1.3124999999999998,15.0,0,0.0820849986238988,0.0,0,185.85714285714286,11.22657485935969,0.0
70zYhpnNC3lzfakeigAD4X,Retrowaves,6452,53,['house'],10,4,93.33333333333333,14.0,0,0.0,0,0.0,185,"['AR', 'AU', 'AT', 'BE', 'BO', 'BR', 'BG', 'CA', 'CL', 'CO']",5.079166666666667,1.0,1,0.8464817248906141,0.972972972972973,0,586.5454545454545,13.909421492539117,0.0
3gY5phLoPwEPBcHXck53XX,Lily Denning,3185,40,"['liquid funk', 'drum and bass']",31,8,147.92857142857142,7.0,0,0.0,0,0.0,185,"['AU', 'AT', 'BG', 'CY', 'CZ', 'DK', 'DE', 'EE', 'FI', 'FR']",3.8333333333333335,1.0,0,0.8464817248906141,1.3488558811722202,0,99.53125,11.413991318372304,0.0
3IMSh6UlcrbKXwG1lARp5j,Majeur Mineur,3970,46,[],38,7,81.08333333333333,14.0,0,0.0,0,0.0,185,"['AR', 'AU', 'AT', 'BE', 'BO', 'BR', 'BG', 'CA', 'CL', 'CO']",4.408333333333333,1.0,1,0.8464817248906141,1.8904726181545388,0,101.7948717948718,12.778192813218798,0.0
3Y0jgmHMAPgxpjuiEloPEJ,Austin Tate,651,37,"['chill house', 'deep house']",4,0,135.33333333333334,861.0,0,0.0,0,0.0,185,"['AR', 'AU', 'AT', 'BE', 'BO', 'BR', 'BG', 'CA', 'CL', 'CO']",0.37,28.0,0,0.009403562551495206,0.0,0,130.2,13.119630115625927,0.0
4MgxKih2gf4BgMkPVOfvrn,MR TOUT LE MONDE,47488,61,[],42,7,61.0,42.0,0,0.0,0,0.0,185,"['AR', 'AU', 'AT', 'BE', 'BO', 'BR', 'BG', 'CA', 'CL', 'CO']",5.591666666666666,2.0,2,0.7165313105737893,2.307692307692308,0,1104.3720930232557,13.043454117492415,0.0
13rVXSdnUlcpvFQ2iuop8a,SCayos,7630,31,"['lo-fi beats', 'lo-fi']",50,3,29.23404255319149,72.0,0,0.0,0,0.0,185,"['AR', 'AU', 'AT', 'BE', 'BO', 'BR', 'BG', 'CA', 'CL', 'CO']",2.841666666666667,2.0,0,0.7165313105737893,1.519396551724138,0,149.6078431372549,7.98332595623473,0.0
1wOI9ZKKzVGxBXpv0Eu4DM,PEPTIDE,98,1,['hardcore'],2,2,161.0,70.0,0,0.0,0,0.0,185,"['AR', 'AU', 'AT', 'BE', 'BO', 'BR', 'BG', 'CA', 'CL', 'CO']",0.09166666666666667,2.0,0,0.7165313105737893,0.31413612565445026,0,32.666666666666664,0.4917814092127232,0.0
4btBTQ1pWqpnDPY4BWMh1S,Spencer Hunt,8751,52,"['lo-fi', 'lo-fi beats']",50,17,43.702127659574465,16.0,0,0.0,0,0.0,185,"['AR', 'AU', 'AT', 'BE', 'BO', 'BR', 'BG', 'CA', 'CL', 'CO']",4.983333333333333,1.0,1,0.8464817248906141,6.919745958429561,0,171.58823529411765,13.189420922632044,0.0
5mNpMP01Co4vXZ3U0fWP3C,Camden Cox,13965,56,"['stutter house', 'house']",50,6,42.06976744186046,63.0,0,0.0,0,0.0,185,"['AR', 'AU', 'AT', 'BE', 'BO', 'BR', 'BG', 'CL', 'CO', 'CR']",5.133333333333333,2.0,1,0.7165313105737893,2.49757986447241,0,273.8235294117647,13.509106700258826,0.0
1O3qb3qngNizhIxjy9hFxO,Reel Mood,1624,35,"['deep house', 'chill house']",2,0,322.0,672.0,1,1.0,0,0.0,185,"['AR', 'AU', 'AT', 'BE', 'BO', 'BR', 'BG', 'CA', 'CL', 'CO']",0.35,22.0,0,0.025561533206507402,0.0,1,541.3333333333334,10.892391705181044,0.0
7igN8kqLCyyGn6QoVmB6CO,DaniSogen,13770,46,['lo-fi'],50,3,36.57446808510638,30.0,1,1.0,2,2.0,185,"['AR', 'AU', 'AT', 'BE', 'BO', 'BR', 'BG', 'CA', 'CL', 'CO']",4.408333333333333,1.0,1,0.8464817248906141,1.3518696069031637,1,270.0,11.11312645895408,1.0
7fQllKIlkVSl9JD1aJ8XYg,HotLap,6472,47,['deep house'],17,13,65.5,28.0,0,0.0,0,0.0,185,"['AR', 'AU', 'BE', 'BO', 'BR', 'BG', 'CA', 'CL', 'CO', 'CR']",4.504166666666666,1.0,1,0.8464817248906141,4.0837696335078535,0,359.55555555555554,12.330427026518699,0.0
2FefH9LgfWCcPLFC2txvUZ,MamuLogue,1,1,[],14,14,2.7777777777777777,1.0,0,0.0,0,0.0,185,"['AR', 'AU', 'AT', 'BE', 'BO', 'BR', 'BG', 'CA', 'CL', 'CO']",0.09583333333333334,1.0,0,0.8464817248906141,12.813559322033898,0,0.06666666666666667,0.9602525677891274,0.0
2U33UlGhnPqg3B5xJTn3zm,Wamdue Project,17377,49,[],50,2,240.3181818181818,91.0,0,0.0,0,0.0,185,"['AR', 'BO', 'BR', 'CL', 'CO', 'CR', 'CY', 'DO', 'EC', 'SV']",4.2875,3.0,1,0.6065306597126334,0.22196065242979657,0,340.72549019607845,11.555991485583904,0.0
6eZyHHxTWb2rHy2kRPtj0s,Antonius B,1354,42,['lo-fi'],50,25,17.142857142857142,7.0,0,0.0,0,0.0,185,"['AR', 'AU', 'AT', 'BE', 'BO', 'BR', 'BG', 'CA', 'CL', 'CO']",4.025,1.0,1,0.8464817248906141,15.90909090909091,0,26.54901960784314,13.397922504644669,0.0
1WcwbtAnG5HWNbPPK84ued,Hayley May,10802,53,['piano house'],50,9,49.0,35.0,0,0.0,0,0.0,185,"['AR', 'BE', 'BO', 'BR', 'BG', 'CA', 'CL', 'CO', 'CR', 'CY']",5.079166666666667,1.0,1,0.8464817248906141,3.4177215189873418,0,211.80392156862746,13.13863027882158,0.0
3pK4EcflBpG1Kpmjk5LK2R,Joy Anonymous,44156,55,[],50,21,46.19565217391305,35.0,0,0.0,0,0.0,185,"['AR', 'BE', 'BO', 'BR', 'BG', 'CL', 'CO', 'CY', 'CZ', 'DK']",5.270833333333334,1.0,2,0.8464817248906141,8.268188302425106,0,865.8039215686274,11.840464420369091,0.0
2zzpznMuhKlKlqh1ma7Sms,Dakota,35625,62,[],50,7,71.93617021276596,7.0,4,4.0,113,28.25,185,"['HK', 'MY', 'PH', 'SG', 'TW', 'ID', 'TH', 'VN', 'IN', 'KR']",5.941666666666667,1.0,2,0.8464817248906141,2.0601127113337507,1,698.5294117647059,13.620755399653339,22.6
45cP3p476ZtqaaATv4cScf,HIISAK,3157,33,"['tribal house', 'deep house']",39,0,89.91428571428571,371.0,0,0.0,0,0.0,185,"['BG', 'CZ', 'DK', 'EE', 'FI', 'HK', 'HU', 'IS', 'IE', 'LV']",1.6500000000000001,12.0,0,0.1353352832366127,0.0,0,78.925,9.426825948396987,0.0
0aOIluXr131XqrXFwFCFGT,Sevek,24560,60,[],50,10,38.111111111111114,0.0,0,0.0,0,0.0,185,"['HK', 'MO', 'TW', 'NZ', 'TO', 'WS', 'FJ', 'KI', 'MH', 'NR']",5.75,1.0,2,0.8464817248906141,4.404567699836868,0,481.5686274509804,13.666164707246244,0.0
6QgBmTExFhiV5V6OAjttcC,Sha Bands,171,1,[],3,0,311.0,727.0,27,10.0,7969,796.9,185,"['AR', 'AU', 'AT', 'BE', 'BO', 'BR', 'BG', 'CA', 'CL', 'CO']",0.01,24.0,0,0.01831563888873418,0.0,1,42.75,0.4429328475413921,284.60714285714283
5m1yocXnIqkhC8dyQQd6Ve,Mila Falls,8173,47,"['drum and bass', 'bassline', 'piano house']",50,9,70.06122448979592,15.0,0,0.0,0,0.0,185,"['HK', 'TW', 'MO', 'AR', 'AT', 'BO', 'BR', 'CA', 'CL', 'CO']",4.504166666666666,1.0,1,0.8464817248906141,2.69834795023455,0,160.2549019607843,12.011513006053073,0.0
1ajlTKBH9v6tXPtG5GYdxw,joffytrophy,10,4,[],7,3,315.5,6.0,0,0.0,0,0.0,185,"['AR', 'AU', 'AT', 'BE', 'BO', 'BR', 'BG', 'CA', 'CL', 'CO']",0.38333333333333336,1.0,0,0.8464817248906141,0.26049204052098407,0,1.25,3.074487147360963,0.0
0y06wscdVTUuJpAXXXw7Uu,VILANI,2,0,[],2,2,14.0,8.0,0,0.0,0,0.0,185,"['AR', 'AU', 'AT', 'BE', 'BO', 'BR', 'BG', 'CA', 'CL', 'CO']",0.0,1.0,0,0.8464817248906141,1.3636363636363635,0,0.6666666666666666,0.0,0.0
4vv1FFVqxnHyQFLmWxjizb,Hevi,7745,53,['lo-fi'],50,5,36.142857142857146,7.0,2,2.0,454,227.0,185,"['AR', 'AU', 'AT', 'BE', 'BO', 'BR', 'BG', 'CA', 'CL', 'CO']",5.079166666666667,1.0,1,0.8464817248906141,2.2678185745140387,1,151.86274509803923,13.626143553712874,151.33333333333334
6X1j0OwvsBWr1YgGyvq2kg,rius,61,1,[],8,5,99.57142857142857,14.0,1,1.0,240,240.0,185,"['AR', 'AU', 'AT', 'BE', 'BO', 'BR', 'BG', 'CA', 'CL', 'CO']",0.09583333333333334,1.0,0,0.8464817248906141,1.1576626240352812,1,6.777777777777778,0.5401731209973589,120.0
5xJ9q1lHwa8AShRof94oIt,Phlocalyst,19238,59,"['lo-fi', 'lo-fi beats', 'jazz beats']",50,36,53.95652173913044,0.0,1,1.0,931,931.0,185,"['AU', 'HK', 'MY', 'NZ', 'PH', 'SG', 'TW', 'ID', 'JP', 'TH']",5.654166666666667,1.0,2,0.8464817248906141,12.863801139306059,1,377.2156862745098,13.770935991930534,465.5
2dUjApyXX9UqIsFGzoHyhX,CHANEY,14591,46,"['piano house', 'disco house', 'funky house']",50,7,50.0,14.0,3,3.0,8779,2926.3333333333335,185,"['AR', 'BE', 'BO', 'BR', 'BG', 'CA', 'CL', 'CO', 'CR', 'CY']",4.408333333333333,1.0,1,0.8464817248906141,2.6249999999999996,1,286.0980392156863,11.046055179790825,2194.75
2FjvZdO1pKdExg5I59ZBi3,Aleks Cameron,1008,21,['piano house'],13,1,224.0,161.0,0,0.0,0,0.0,185,"['AR', 'AU', 'AT', 'BE', 'BO', 'BR', 'BG', 'CA', 'CL', 'CO']",1.6624999999999999,5.0,0,0.4345982085070782,0.11811023622047244,0,72.0,6.981968419559027,0.0
1zg4OV4mAjexgjWEtBAd72,Fare,829,36,"['deep house', 'chill house']",15,0,207.0,462.0,19,10.0,992,99.2,185,"['AR', 'AU', 'BE', 'BO', 'BR', 'BG', 'CA', 'CL', 'CO', 'CR']",1.35,15.0,0,0.0820849986238988,0.0,1,51.8125,12.312903882844243,49.6
3aO1teUCWeb60g2anwG8m5,The Musical Doc,0,0,[],1,0,30.0,1778.0,0,0.0,0,0.0,185,"['AR', 'AU', 'AT', 'BE', 'BO', 'BR', 'BG', 'CA', 'CL', 'CO']",0.0,58.0,0,6.336070607455965e-05,0.0,0,0.0,0.0,0.0
11r1Ms4smmbd4mJjWqZtEz,Irisblu,1,0,[],1,0,30.0,371.0,1,1.0,1,1.0,185,"['AR', 'AU', 'AT', 'BE', 'BO', 'BR', 'BG', 'CA', 'CL', 'CO']",0.0,12.0,0,0.1353352832366127,0.0,1,0.5,0.0,0.5
04TycqJU9QoZ0DRQfuDM5S,Nadav Cohen,3968,53,['lo-fi'],50,14,30.333333333333332,7.0,0,0.0,0,0.0,185,"['AR', 'AU', 'AT', 'BE', 'BO', 'BR', 'BG', 'CA', 'CL', 'CO']",5.079166666666667,1.0,1,0.8464817248906141,6.961325966850829,0,77.80392156862744,14.723593239101243,0.0
3EzrsslwPiAb23Pe0665NS,Pegasii,246,16,"['piano house', 'house']",2,0,217.0,3409.0,0,0.0,0,0.0,185,"['AR', 'AU', 'AT', 'BE', 'BO', 'BR', 'BG', 'CA', 'CL', 'CO']",0.16,112.0,0,7.81933232345508e-09,0.0,0,82.0,6.643856189774724,0.0
5Ic01aYLF8GJ3kftKh7KQ9,ChooseWiselyAmerica,3240,0,[],7,3,265.1666666666667,34.0,0,0.0,0,0.0,185,"['AR', 'AU', 'AT', 'BE', 'BO', 'BR', 'BG', 'CA', 'CL', 'CO']",0.0,1.0,0,0.8464817248906141,0.30491247882552225,0,405.0,0.0,0.0
6YJ4EgQzDfJnIHRbqIHAdD,Idealism,173859,53,"['lo-fi', 'lo-fi beats']",50,5,77.26315789473684,16.0,3,3.0,1250,416.6666666666667,185,"['AR', 'AU', 'AT', 'BE', 'BO', 'BR', 'BG', 'CA', 'CL', 'CO']",5.079166666666667,1.0,1,0.8464817248906141,1.3984298331697744,1,3409.0,10.114075018030439,312.5
2Fc1UZXKRmPpWWx1sxcb9m,SwuM,89074,53,"['lo-fi', 'lo-fi beats', 'j-dance']",50,33,85.95555555555555,7.0,3,3.0,8491,2830.3333333333335,185,"['AR', 'AU', 'AT', 'BE', 'BO', 'BR', 'BG', 'CA', 'CL', 'CO']",5.079166666666667,1.0,2,0.8464817248906141,8.537753928708318,1,1746.549019607843,10.707503962428389,2122.75
0aVjuD3sYwi6b7b9dq39Mq,Moment in Time,1283,54,[],16,9,51.4,9.0,3,3.0,0,0.0,185,"['AR', 'AU', 'AT', 'BE', 'BO', 'BR', 'BG', 'CA', 'CL', 'CO']",5.175000000000001,1.0,1,0.8464817248906141,3.3169533169533167,1,75.47058823529412,17.354423961900963,0.0
270lBB4c4WBLdrzQKgrXDI,Sixten,3066,45,"['hard house', 'house']",25,12,31.318181818181817,7.0,0,0.0,0,0.0,185,"['AR', 'AU', 'AT', 'BE', 'BO', 'BR', 'BG', 'CA', 'CL', 'CO']",4.3125,1.0,1,0.8464817248906141,5.871015567086731,0,117.92307692307692,12.901426705255812,0.0
7sjRnhONmeFL1tmlUvdq70,Fractures,37608,46,[],50,8,81.22448979591837,14.0,0,0.0,0,0.0,185,"['AR', 'BE', 'BO', 'BR', 'BG', 'CL', 'CO', 'CR', 'CY', 'CZ']",4.408333333333333,1.0,1,0.8464817248906141,2.1577981651376144,0,737.4117647058823,10.053775234953426,0.0
3nVgi5QDYGaqV2BSUny5F3,Liam Cox,454,19,['tech house'],12,1,100.1,231.0,0,0.0,0,0.0,185,"['AR', 'AU', 'AT', 'BE', 'BO', 'BR', 'BG', 'CA', 'CL', 'CO']",1.2666666666666668,8.0,0,0.26359713811572677,0.2305918524212145,0,34.92307692307692,7.125397292856902,0.0
6QdAjx1tGNrJzHQLeigsih,Melo Greco,867,10,[],5,2,532.75,14.0,0,0.0,0,0.0,185,"['AR', 'AU', 'AT', 'BE', 'BO', 'BR', 'BG', 'CA', 'CL', 'CO']",0.9583333333333334,1.0,0,0.8464817248906141,0.10661928031985785,0,144.5,3.397893775636765,0.0
2MRXCqZSMkdI9K46WDWCUX,REESE,8191,42,"['bassline', 'bass house', 'uk garage']",37,6,101.18181818181819,21.0,2,2.0,2,1.0,185,"['AR', 'AU', 'AT', 'BE', 'BO', 'BR', 'BG', 'CA', 'CL', 'CO']",4.025,1.0,0,0.8464817248906141,1.372141372141372,1,215.55263157894737,10.731075434744115,0.6666666666666666
60NF8sUX6VJbJz8tWCJtfb,Tezy,34,17,[],22,22,18.166666666666668,25.0,0,0.0,0,0.0,185,"['AR', 'AU', 'AT', 'BE', 'BO', 'BR', 'BG', 'CA', 'CL', 'CO']",1.6291666666666669,1.0,0,0.8464817248906141,13.702422145328718,0,1.4782608695652173,10.344076372401027,0.0
1KBwb4QGzLkhNtLjIkNRDR,Caleb Laurenson,1861,40,"['piano house', 'chill house', 'deep house']",25,2,55.869565217391305,210.0,0,0.0,0,0.0,185,"['AR', 'AU', 'AT', 'BE', 'BO', 'BR', 'BG', 'CA', 'CL', 'CO']",2.833333333333333,7.0,1,0.3114032239145977,0.6987341772151899,0,71.57692307692308,12.224663194579588,0.0
1ZuahBYwNDFPAo6QAsnxTf,Landon Ryle,904,47,[],11,4,123.9,91.0,0,0.0,0,0.0,185,"['AR', 'AU', 'AT', 'BE', 'BO', 'BR', 'BG', 'CA', 'CL', 'CO']",4.1125,3.0,1,0.6065306597126334,0.7797270955165693,0,75.33333333333333,15.873304306480879,0.0
55ENgZQ6IYrQ1qKTBgVvHk,MD Jones,465,15,"['piano house', 'funky house']",11,2,160.22222222222223,266.0,0,0.0,0,0.0,185,"['AR', 'AU', 'AT', 'BE', 'BO', 'BR', 'BG', 'CA', 'CL', 'CO']",0.9375,9.0,0,0.22313016014842982,0.31542056074766356,0,38.75,5.603928647665514,0.0
6AVuKSupq14QCPEvNIumqE,STFU,780,13,"['acid jazz', 'soul jazz']",50,4,145.08510638297872,84.0,9,9.0,13,1.4444444444444444,185,"['HK', 'TW', 'MO', 'AR', 'BE', 'BO', 'BR', 'CL', 'CO', 'CR']",1.1375,3.0,0,0.6065306597126334,0.6853809697411593,1,15.294117647058824,4.486429616521333,1.3
0vGdi8zNID6cg6Ua9ksmyQ,Harmless Night,1546,49,[],16,10,82.13333333333334,14.0,0,0.0,0,0.0,185,"['AR', 'AU', 'AT', 'BE', 'BO', 'BR', 'BG', 'CA', 'CL', 'CO']",4.695833333333334,1.0,1,0.8464817248906141,2.6753864447086797,0,90.94117647058823,15.35083106039915,0.0
4gDDFD6XeloxQkQD83eQqD,K-Trey,7,0,[],8,0,237.28571428571428,438.0,4,4.0,3204,801.0,185,"['AR', 'AU', 'AT', 'BE', 'BO', 'BR', 'BG', 'CA', 'CL', 'CO']",0.0,14.0,0,0.09697196786440505,0.0,1,0.7777777777777778,0.0,640.8
5Nd61ppMOQbbtF1HV13kBO,NuBass,10586,35,"['bassline', 'bass house', 'uk garage', 'g-house']",50,2,49.659574468085104,343.0,1,1.0,281,281.0,185,"['AR', 'AU', 'AT', 'BE', 'BO', 'BR', 'BG', 'CA', 'CL', 'CO']",1.8958333333333335,11.0,1,0.1598797460796939,0.7532051282051283,1,207.5686274509804,8.695345515270356,140.5
4tgjM4H8ONwXj82PTVD5Bj,Noah Kulaga,547,45,"['melodic techno', 'melodic house']",12,12,27.5,56.0,0,0.0,0,0.0,185,"['AR', 'AU', 'AT', 'BE', 'BO', 'BR', 'BG', 'CA', 'CL', 'CO']",4.125,2.0,1,0.7165313105737893,6.260869565217392,0,42.07692307692308,16.3883368937643,0.0
13ACz7DIictCpSYGglNTHs,Philanthrope,46237,53,"['lo-fi beats', 'lo-fi', 'jazz beats']",50,32,70.35416666666667,2.0,2,2.0,0,0.0,185,"['AR', 'AU', 'AT', 'BE', 'BO', 'BR', 'BG', 'CA', 'CL', 'CO']",5.079166666666667,1.0,2,0.8464817248906141,9.566119991696075,1,906.6078431372549,11.360996915379111,0.0
50Ej4gF8iYESted3e4JZ4t,dryhope,9309,48,"['lo-fi', 'lo-fi beats']",38,5,61.09090909090909,16.0,0,0.0,0,0.0,185,"['AR', 'AU', 'AT', 'BE', 'BO', 'BR', 'BG', 'CA', 'CL', 'CO']",4.6000000000000005,1.0,1,0.8464817248906141,1.646706586826347,0,238.69230769230768,12.092601174224614,0.0
4EREP1nDxGjXE6V4sOuUy8,Jerome Price,7836,40,['deep house'],50,5,77.53191489361703,0.0,0,0.0,0,0.0,185,"['FJ', 'FM', 'SB', 'PG', 'PW', 'BN', 'HK', 'MO', 'TW', 'KH']",3.8333333333333335,1.0,0,0.8464817248906141,1.3949347051840124,0,153.64705882352942,10.270503747678235,0.0
1SzLvjYm0lQLPi3AneCpDO,Kurt Stewart,3659,42,"['lo-fi', 'lo-fi beats']",50,10,36.916666666666664,2.0,0,0.0,0,0.0,185,"['AR', 'AU', 'AT', 'BE', 'BO', 'BR', 'BG', 'CA', 'CL', 'CO']",4.025,1.0,1,0.8464817248906141,4.4831880448318815,0,71.74509803921569,11.782701031461349,0.0
1cK2Abwkni7m51wJCSGllN,Ultra Naté,68495,53,[],50,7,270.9347826086956,28.0,1,1.0,45,45.0,185,"['AR', 'AU', 'BE', 'BO', 'BR', 'BG', 'CA', 'CL', 'CO', 'CR']",5.079166666666667,1.0,1,0.8464817248906141,0.6978256158347179,1,1343.0392156862745,10.960100070580964,22.5
6xpq9Jqa99NXeKxCDNbG8S,Two Muses After,1760,47,['lo-fi beats'],16,2,50.93333333333333,226.0,0,0.0,0,0.0,185,"['AR', 'AU', 'AT', 'BE', 'BO', 'BR', 'BG', 'CA', 'CL', 'CO']",3.1333333333333337,8.0,1,0.26359713811572677,0.741350906095552,0,103.52941176470588,14.47056245405822,0.0
19VDJ9IKyBSUMDJxLsasP6,Mr. Belt & Wezol,187866,65,"['future house', 'house']",50,8,88.60526315789474,28.0,0,0.0,0,0.0,185,"['HK', 'TW', 'MO', 'AR', 'AT', 'BE', 'BO', 'BR', 'BG', 'CA']",6.229166666666667,1.0,2,0.8464817248906141,2.0235189704903482,0,3683.6470588235293,12.324912050067601,0.0
0WMuIwO9iaJZagSAdO5wuV,EDGR,1571,50,['chill house'],34,9,47.666666666666664,44.0,0,0.0,0,0.0,185,"['AR', 'BO', 'BR', 'BG', 'CA', 'CL', 'CO', 'CR', 'CY', 'CZ']",4.583333333333333,2.0,1,0.7165313105737893,3.4763948497854082,0,44.885714285714286,15.630217220305973,0.0
1k0BkkbwTGZGBqrNWwuucL,LOSTBOYJAY,25289,57,['house'],17,7,95.75,15.0,0,0.0,0,0.0,185,"['AR', 'AU', 'AT', 'BE', 'BO', 'BR', 'BG', 'CA', 'CL', 'CO']",5.4625,1.0,2,0.8464817248906141,1.6699801192842942,0,1404.9444444444443,12.945414950268546,0.0
1csp9v9FfSxU0LcBtfWFCb,Tibeauthetraveler,12058,57,"['lo-fi', 'lo-fi beats']",50,25,30.48936170212766,35.0,1,1.0,2,2.0,185,"['AR', 'AU', 'AT', 'BE', 'BO', 'BR', 'BG', 'CA', 'CL', 'CO']",5.4625,1.0,1,0.8464817248906141,12.398874428420681,1,236.4313725490196,13.964990938561145,1.0
5ynMbTlnZvBUxrxUrd6gs0,YUMA,12274,58,"['deep house', 'chill house']",36,6,58.03225806451613,7.0,4,4.0,117,29.25,185,"['AR', 'AU', 'AT', 'BE', 'BO', 'BR', 'BG', 'CA', 'CL', 'CO']",5.558333333333333,1.0,2,0.8464817248906141,2.0447050201539025,1,331.72972972972974,14.183218496487322,23.4
1uRVM0wBdtyEuU582EeKJM,NOTION,97179,78,"['bassline', 'bass house', 'drum and bass', 'uk garage']",50,8,92.93877551020408,84.0,8,8.0,79034,9879.25,185,"['AR', 'AU', 'AT', 'BE', 'BO', 'BR', 'BG', 'CA', 'CL', 'CO']",6.825,3.0,2,0.6065306597126334,1.9521912350597612,1,1905.4705882352941,15.6387305247289,8781.555555555555
6T3rJwEHvw1o5JCGouZtec,SUMD4ZE,272,26,[],1,1,30.0,203.0,0,0.0,0,0.0,176,"['AR', 'BE', 'BO', 'BR', 'BG', 'CL', 'CO', 'CR', 'CY', 'CZ']",1.8416666666666663,7.0,0,0.3114032239145977,0.5,0,136.0,10.611165987867063,0.0
65ZGdYSRT3Rmv6P7DN4XCC,Pandrezz,46203,51,"['lo-fi', 'lo-fi beats']",50,5,64.68085106382979,1.0,0,0.0,0,0.0,185,"['AR', 'AU', 'AT', 'BE', 'BO', 'BR', 'BG', 'CA', 'CL', 'CO']",4.8875,1.0,1,0.8464817248906141,1.5842696629213484,0,905.9411764705883,10.933028599951996,0.0
6zGCrS2y63IEUJfyn9Bpuc,TEEMID,41993,56,[],29,1,159.5,14.0,0,0.0,0,0.0,185,"['HK', 'MY', 'PH', 'SG', 'TW', 'ID', 'TH', 'VN', 'SA', 'AE']",5.366666666666667,1.0,2,0.8464817248906141,0.158311345646438,0,1399.7666666666667,12.112611877532835,0.0
1T94SgNcfrWDaZMOqlgP8F,Angie Brown,3766,33,[],50,7,150.6595744680851,7.0,0,0.0,0,0.0,185,"['AR', 'AU', 'BE', 'BO', 'BR', 'BG', 'CA', 'CL', 'CO', 'CR']",3.1625000000000005,1.0,0,0.8464817248906141,1.1624072547403133,0,73.84313725490196,9.225525556552867,0.0
2zNmlxTlRfyMAAifd2f71Q,amies,7544,53,"['lo-fi', 'lo-fi beats']",50,23,31.77777777777778,0.0,3,3.0,304,101.33333333333333,185,"['AU', 'HK', 'MY', 'NZ', 'PH', 'SG', 'TW', 'ID', 'JP', 'TH']",5.079166666666667,1.0,1,0.8464817248906141,11.16906474820144,1,147.92156862745097,13.666214890812686,76.0
48LruDqvGQIrHzoa3sxfys,YME,1482,5,[],20,7,75.82352941176471,15.0,1,1.0,151,151.0,185,"['AR', 'AU', 'AT', 'BE', 'BO', 'BR', 'BG', 'CA', 'CL', 'CO']",0.4791666666666667,1.0,0,0.8464817248906141,1.9844357976653695,1,70.57142857142857,1.5754140514426245,75.5
5v8ZROs9c26k4yGMxUkebt,Jack Wins,38840,45,['future house'],50,4,47.55172413793103,21.0,1,1.0,19205,19205.0,185,"['AR', 'AU', 'AT', 'BE', 'BO', 'BR', 'BG', 'CA', 'CL', 'CO']",4.3125,1.0,1,0.8464817248906141,1.5473543797243219,1,761.5686274509804,9.805222473556343,9602.5
2z92TjllsDfZLyBjp0SDuq,Hoffy Beats,6911,55,"['lo-fi', 'lo-fi beats', 'jazz beats']",50,35,43.93023255813954,2.0,0,0.0,0,0.0,185,"['AR', 'AU', 'AT', 'BE', 'BO', 'BR', 'BG', 'CA', 'CL', 'CO']",5.270833333333334,1.0,2,0.8464817248906141,14.202579427492921,0,135.50980392156862,14.322286899148748,0.0
4QLa9DWZEpFrBhNG5UWXF1,NewEra,32787,53,[],50,45,11.125,17.0,2,2.0,42,21.0,185,"['AR', 'BE', 'BO', 'BR', 'BG', 'CL', 'CO', 'CR', 'CY', 'CZ']",5.079166666666667,1.0,1,0.8464817248906141,32.82674772036474,1,642.8823529411765,11.73648070179616,14.0
1bbah9s09626gweOzzLbKG,Towerz,10358,52,"['lo-fi', 'lo-fi beats']",50,1,41.55102040816327,119.0,0,0.0,0,0.0,185,"['AR', 'AU', 'AT', 'BE', 'BO', 'BR', 'BG', 'CA', 'CL', 'CO']",4.333333333333334,4.0,1,0.513417119032592,0.419281232173417,0,203.09803921568627,12.949190650328848,0.0
3aPrwVu6iKkCynMmpdi9vK,Shanks.,10,35,[],1,1,30.0,86.0,0,0.0,0,0.0,185,"['AR', 'AU', 'AT', 'BE', 'BO', 'BR', 'BG', 'CA', 'CL', 'CO']",3.0624999999999996,3.0,0,0.6065306597126334,0.5,0,5.0,26.901762539408427,0.0
3TV2LSYttSMFFHYIzbCvjn,Sydney Jo Jackson,780,31,['chill house'],34,16,162.6206896551724,0.0,0,0.0,0,0.0,185,"['NZ', 'TO', 'WS', 'FJ', 'KI', 'MH', 'NR', 'TV', 'AU', 'FM']",2.9708333333333337,1.0,0,0.8464817248906141,2.4919441460794847,0,22.285714285714285,10.698409085550871,0.0
734bmNflMslwf81kYoy7bs,Abi Flynn,6389,54,[],50,14,62.37777777777778,0.0,0,0.0,0,0.0,185,"['HK', 'MY', 'PH', 'SG', 'TW', 'ID', 'TH', 'VN', 'KR', 'FJ']",5.175000000000001,1.0,2,0.8464817248906141,4.546547991339908,0,125.27450980392157,14.187706099282762,0.0
2vOzV5WdvOYH3K1NJyt7wb,Horizon Blue,9005,57,"['tropical house', 'lounge']",50,10,41.57142857142857,0.0,0,0.0,0,0.0,185,"['NZ', 'TO', 'WS', 'FJ', 'KI', 'MH', 'NR', 'TV', 'AU', 'FM']",5.4625,1.0,2,0.8464817248906141,4.191616766467066,0,176.5686274509804,14.41226141414524,0.0
0vL4qy0qYMzmuhPAs9Tf16,Russell Small,1237,28,"['nu disco', 'disco house', 'funky house']",50,15,144.91666666666666,56.0,0,0.0,0,0.0,185,"['AR', 'BO', 'BR', 'CL', 'CO', 'CR', 'DO', 'EC', 'SV', 'GT']",2.5666666666666664,2.0,0,0.7165313105737893,2.5726536445926635,0,24.254901960784313,9.044317776866297,0.0
2qjkEXePHEV3eMJkFil4be,Jai Cuzco,4039,40,[],39,11,39.888888888888886,28.0,0,0.0,0,0.0,185,"['AR', 'AU', 'AT', 'BE', 'BO', 'BR', 'BG', 'CA', 'CL', 'CO']",3.8333333333333335,1.0,1,0.8464817248906141,4.721780604133546,0,100.975,11.088478981040575,0.0
7dJCdUO0l0K2WXzrzjYpmC,Caity Baser,92817,49,[],50,9,30.680851063829788,14.0,1,1.0,227,227.0,185,"['AR', 'BE', 'BO', 'BR', 'BG', 'CL', 'CO', 'CR', 'CY', 'CZ']",4.695833333333334,1.0,1,0.8464817248906141,4.449509116409537,1,1819.9411764705883,9.863770628307645,113.5
5TYwWU2OuFv7fcrA5lpbIu,Celtixx,5061,0,[],36,4,54.15625,35.0,0,0.0,0,0.0,185,"['AR', 'AU', 'AT', 'BE', 'BO', 'BR', 'BG', 'CA', 'CL', 'CO']",0.0,1.0,0,0.8464817248906141,1.4259190493873004,0,136.78378378378378,0.0,0.0
4QGD0m9AGZixhuPAzaBeD7,KILIMANJARO,13517,61,['afro house'],29,17,36.61538461538461,7.0,1,1.0,25,25.0,185,"['AR', 'BO', 'BR', 'CL', 'CO', 'CR', 'DO', 'EC', 'SV', 'GT']",5.845833333333333,1.0,2,0.8464817248906141,7.655889145496536,1,450.56666666666666,14.765680189472592,12.5
0wcen0V8FgQu6xYupnZMbB,softy,32310,62,"['lo-fi', 'lo-fi beats']",50,32,37.770833333333336,0.0,0,0.0,0,0.0,185,"['AU', 'HK', 'MY', 'NZ', 'PH', 'SG', 'TW', 'ID', 'JP', 'TH']",5.941666666666667,1.0,2,0.8464817248906141,14.165385797725177,0,633.5294117647059,13.748839976795152,0.0
29F0PD42gPA2kL7wHWzgAN,Ellie Sax,4512,29,[],26,3,110.66666666666667,105.0,0,0.0,0,0.0,185,"['AR', 'AU', 'AT', 'BE', 'BO', 'BR', 'BG', 'CA', 'CL', 'CO']",2.4166666666666665,4.0,0,0.513417119032592,0.6398104265402843,0,167.11111111111111,7.933619009218453,0.0
4n7LqAJhu3k6rrKMu3VfDa,Matvey Emerson,10902,47,"['deep house', 'chill house', 'lounge']",50,17,21.729166666666668,28.0,0,0.0,0,0.0,185,"['AR', 'AU', 'BE', 'BO', 'BR', 'CA', 'CL', 'CO', 'CR', 'CY']",4.504166666666666,1.0,1,0.8464817248906141,9.859041482078132,0,213.76470588235293,11.639701152130016,0.0
2rdSCmWgrIWA8pmwhS1T2k,Vandelux,78571,58,"['stutter house', 'chill house']",50,9,52.02040816326531,7.0,1,1.0,72,72.0,185,"['AR', 'AU', 'AT', 'BE', 'BO', 'BG', 'CL', 'CO', 'CR', 'CY']",5.558333333333333,1.0,2,0.8464817248906141,3.2918636476735506,1,1540.6078431372548,11.848056718102283,36.0
5gn3ab5vEpXxw0Oi2xEZvz,Augan,1654,45,[],13,3,138.41666666666666,259.0,0,0.0,0,0.0,185,"['AR', 'AU', 'AT', 'BE', 'BO', 'BR', 'BG', 'CA', 'CL', 'CO']",2.8125,9.0,1,0.22313016014842982,0.5343889163780307,0,118.14285714285714,13.970151527184205,0.0
5bQ3wFgekuIMIcWJuxkqLK,Chrystal,32637,73,[],41,12,105.47222222222223,21.0,5,5.0,112460,22492.0,185,"['AR', 'AU', 'AT', 'BE', 'BO', 'BR', 'BG', 'CA', 'CL', 'CO']",6.995833333333334,1.0,2,0.8464817248906141,2.65737133483699,1,777.0714285714286,16.172471103700953,18743.333333333332
5UmoeWk7RM3v9w1DUL4XUD,Ridney,5119,41,"['funky house', 'disco house', 'nu disco']",50,7,45.729166666666664,133.0,0,0.0,0,0.0,185,"['AR', 'AU', 'BE', 'BO', 'BR', 'BG', 'CA', 'CL', 'CO', 'CR']",3.416666666666667,4.0,1,0.513417119032592,2.773039889958735,0,100.37254901960785,11.051115536077205,0.0
7lDQhKVaKvuNDftiiZVrYy,Snazzy,4720,49,"['lo-fi beats', 'lo-fi']",50,9,22.285714285714285,10.0,2,2.0,10030,5015.0,185,"['AR', 'AU', 'AT', 'BE', 'BO', 'BR', 'BG', 'CA', 'CL', 'CO']",4.695833333333334,1.0,1,0.8464817248906141,5.163934426229508,1,92.54901960784314,13.333837150146614,3343.3333333333335
3rxaya7knZ0iL2myO6CX6G,STO CULTR,2874,46,"['deep house', 'latin house']",29,9,76.22222222222223,56.0,0,0.0,0,0.0,185,"['AR', 'AU', 'AT', 'BE', 'BO', 'BR', 'BG', 'CA', 'CL', 'CO']",4.216666666666667,2.0,1,0.7165313105737893,2.5418410041841004,0,95.8,13.294815916178221,0.0
0XqFDQJjqW5PfhfBCb53LR,Sick Individuals,195955,49,"['big room', 'progressive house', 'edm']",50,13,75.68888888888888,7.0,2,2.0,75,37.5,185,"['AR', 'AU', 'BE', 'BO', 'BR', 'BG', 'CL', 'CO', 'CR', 'CY']",4.695833333333334,1.0,1,0.8464817248906141,3.690075693860387,1,3842.2549019607845,9.258946932784934,25.0
0oO1IaDOBSeI96HbnCa5pZ,Solardo,124529,54,"['tech house', 'house']",50,9,50.58695652173913,28.0,1,1.0,16763,16763.0,185,"['AR', 'BO', 'BR', 'BG', 'CA', 'CL', 'CO', 'CR', 'CY', 'CZ']",5.175000000000001,1.0,2,0.8464817248906141,3.350418127866199,1,2441.7450980392155,10.597990902294455,8381.5
1sWWXO9dckUfAgKYJLZ8Nc,Barnes Blvd.,31670,44,"['lo-fi beats', 'lo-fi']",41,1,64.97435897435898,294.0,0,0.0,0,0.0,185,"['AR', 'AU', 'AT', 'BE', 'BO', 'BR', 'BG', 'CA', 'CL', 'CO']",2.5666666666666664,10.0,1,0.18887560283756183,0.3158747300215982,0,754.047619047619,9.77607202066895,0.0
6RsLLSkSTcL4YrvgRcBTQd,Jimi Jules,44631,50,['melodic techno'],50,2,192.0888888888889,147.0,3,3.0,657,219.0,185,"['AR', 'AU', 'AT', 'BE', 'BO', 'BR', 'BG', 'CA', 'CL', 'CO']",3.958333333333333,5.0,1,0.4345982085070782,0.270162097258355,1,875.1176470588235,10.753303504653463,164.25
6n1t55WMsSIUFHrAL4mUsB,Pete Tong,174484,51,['melodic techno'],50,5,119.1219512195122,7.0,1,1.0,11,11.0,185,"['AR', 'AU', 'AT', 'BE', 'BO', 'BR', 'BG', 'CA', 'CL', 'CO']",4.8875,1.0,1,0.8464817248906141,1.0058881256133465,1,3421.2549019607845,9.72951843686793,5.5
0UVbCcNJ7xNvJ55Zq2YwrN,juniorodeo,7097,54,"['lo-fi', 'lo-fi beats']",50,7,36.869565217391305,39.0,0,0.0,0,0.0,185,"['AR', 'AU', 'AT', 'BE', 'BO', 'BR', 'BG', 'CA', 'CL', 'CO']",5.175000000000001,1.0,1,0.8464817248906141,3.1404421326397913,0,139.15686274509804,14.019833282762342,0.0
0PGTcmXVgDv2CabRB9jjjU,El Doble M,82,10,"['latin pop', 'norteño']",44,22,40.69047619047619,7.0,2,2.0,888,444.0,185,"['AR', 'AU', 'AT', 'BE', 'BO', 'BR', 'BG', 'CA', 'CL', 'CO']",0.9583333333333334,1.0,0,0.8464817248906141,9.336476928258673,1,1.8222222222222222,5.0921998093434375,296.0
07qVuuUNTd6IU3qP5HXbYU,JF85,2301,1,[],9,9,1.0,13.0,0,0.0,0,0.0,185,"['AR', 'AU', 'AT', 'BE', 'BO', 'BR', 'BG', 'CA', 'CL', 'CO']",0.09583333333333334,1.0,0,0.8464817248906141,8.709677419354838,0,230.1,0.2972828397075109,0.0
4q0N3EI67tVnAeeaXbNQIj,J. Worra,47826,55,"['house', 'tech house']",50,1,65.24444444444444,238.0,2,2.0,4,2.0,185,"['AR', 'AU', 'BE', 'BO', 'BR', 'BG', 'CA', 'CL', 'CO', 'CR']",3.6666666666666674,8.0,1,0.26359713811572677,0.3149790013999067,1,937.7647058823529,11.752752372319076,1.3333333333333333
4bazJLWIv8CuqmgxJRiGqo,Just Kiddin,46757,47,"['piano house', 'house']",50,1,98.19565217391305,169.0,4,4.0,173,43.25,185,"['AR', 'AU', 'AT', 'BO', 'BR', 'BG', 'CL', 'CO', 'CR', 'CY']",3.525,6.0,1,0.36787944117144233,0.2340172969306427,1,916.8039215686274,10.064370187571578,34.6
13QkZsAUXqAXVMGhMDEluJ,Covenants,784,30,['piano house'],46,6,43.627906976744185,14.0,0,0.0,0,0.0,185,"['AR', 'AU', 'BE', 'BO', 'BR', 'BG', 'CA', 'CL', 'CO', 'CR']",2.875,1.0,0,0.8464817248906141,2.4447252053063804,0,16.680851063829788,10.34546792633908,0.0
25ZLPz7KBVPHZRdrKzjQ0F,DlaCruz,43,3,[],7,5,355.6,7.0,0,0.0,0,0.0,185,"['AR', 'AU', 'AT', 'BE', 'BO', 'BR', 'BG', 'CA', 'CL', 'CO']",0.28750000000000003,1.0,0,0.8464817248906141,0.38900414937759337,0,5.375,1.739860803535209,0.0
6kbR2eL4hecj3rFwGOsYsI,BL3SS,34976,69,[],50,47,22.285714285714285,9.0,1,1.0,278,278.0,185,"['AR', 'BO', 'BR', 'BG', 'CA', 'CL', 'CO', 'CR', 'CY', 'CZ']",6.6125,1.0,2,0.8464817248906141,26.9672131147541,1,685.8039215686274,15.185212412279826,139.0
4oDkont73KiwJOLTDJuSHV,Future Kings,778,26,['piano house'],36,3,76.90625,266.0,0,0.0,0,0.0,185,"['HK', 'TW', 'MO', 'AR', 'AT', 'BE', 'BO', 'BR', 'BG', 'CA']",1.625,9.0,0,0.22313016014842982,0.8418591055247004,0,21.027027027027028,8.976269520023342,0.0
3OvkDCe2JPef6TMAj2s56H,Monk Chi,2,5,[],20,20,2.9285714285714284,1.0,11,10.0,15377,1537.7,185,"['AR', 'AU', 'AT', 'BE', 'BO', 'BR', 'BG', 'CA', 'CL', 'CO']",0.4791666666666667,1.0,0,0.8464817248906141,18.22125813449024,1,0.09523809523809523,4.633142040145634,1281.4166666666667
40DuSzxFswBymk0cjFnuqL,Coach Harrison,2452,49,"['hard house', 'deep house']",15,10,52.23076923076923,49.0,0,0.0,0,0.0,185,"['AR', 'AT', 'BO', 'BR', 'BG', 'CA', 'CL', 'CO', 'CR', 'CY']",4.491666666666666,2.0,1,0.7165313105737893,3.648269410664172,0,153.25,14.448787392240611,0.0
7HOmuShc6sajk74rYV7zR2,The Adventures Of Stevie V,18284,68,[],9,1,1596.0,119.0,2,2.0,27635,13817.5,185,"['AR', 'AU', 'AT', 'BE', 'BO', 'BR', 'BG', 'CA', 'CL', 'CO']",5.666666666666668,4.0,2,0.513417119032592,0.01845018450184502,1,1828.4,15.953795275984795,9211.666666666666
2juH2VRAmfRlPlu1oaGsuH,Pointy Features,4096,43,"['lo-fi', 'lo-fi beats']",50,2,46.55555555555556,133.0,1,1.0,1643,1643.0,185,"['AR', 'AU', 'AT', 'BE', 'BO', 'BR', 'BG', 'CA', 'CL', 'CO']",3.5833333333333335,4.0,1,0.513417119032592,0.783744557329463,1,80.31372549019608,11.900087051652013,821.5
3lfScZWl1nVVmsYciBXKBu,Master Dy,1237,10,"['symphonic metal', 'gothic metal']",36,25,41.0,42.0,3,3.0,47,15.666666666666666,185,"['AR', 'AU', 'AT', 'BE', 'BO', 'BR', 'BG', 'CA', 'CL', 'CO']",0.9166666666666667,2.0,0,0.7165313105737893,10.56338028169014,1,33.432432432432435,3.230113491737963,11.75
1nuEitOh4LULWX8yZS216o,DNO P,275,20,"['nu disco', 'disco house', 'funky house']",45,16,76.51162790697674,56.0,0,0.0,0,0.0,185,"['AR', 'AU', 'BE', 'BO', 'BR', 'BG', 'CA', 'CL', 'CO', 'CR']",1.8333333333333335,2.0,0,0.7165313105737893,4.506550218340611,0,5.978260869565218,8.147154358231283,0.0
5ZkQIAd7G8oy50TV9lO24P,Semedo,2390,43,['house'],16,0,228.28571428571428,469.0,0,0.0,0,0.0,185,"['AR', 'AU', 'AT', 'BE', 'BO', 'BR', 'BG', 'CA', 'CL', 'CO']",1.6125,15.0,1,0.0820849986238988,0.0,0,140.58823529411765,12.721098453665427,0.0
3honvvPh3jtS2fTJEYKexS,Marlo Rex,1060,49,"['stutter house', 'deep house']",15,4,83.46153846153847,35.0,0,0.0,0,0.0,185,"['AR', 'AU', 'BE', 'BO', 'BR', 'BG', 'CL', 'CO', 'CR', 'CY']",4.695833333333334,1.0,1,0.8464817248906141,1.0576271186440678,0,66.25,16.174906712361654,0.0
7daSp9zXk1dmqNxwKFkL35,Kupla,101213,56,"['lo-fi', 'lo-fi beats']",50,11,58.10204081632653,70.0,3,3.0,2573,857.6666666666666,185,"['AR', 'AU', 'AT', 'BE', 'BO', 'BR', 'BG', 'CA', 'CL', 'CO']",5.133333333333333,2.0,2,0.7165313105737893,3.745656706045865,1,1984.5686274509803,11.188187054330971,643.25
5iOU3GuSYGxKEUTlC6oaVn,Dee Panch,1779,20,['uk garage'],40,13,37.83783783783784,42.0,0,0.0,0,0.0,185,"['AR', 'AU', 'AT', 'BE', 'BO', 'BR', 'BG', 'CA', 'CL', 'CO']",1.8333333333333335,2.0,0,0.7165313105737893,5.749003984063745,0,43.390243902439025,6.148907463816054,0.0
1oC7D0CrT7bABXQXFCGltP,Lost In Pacific,3665,56,[],19,8,44.388888888888886,44.0,0,0.0,0,0.0,185,"['AR', 'AU', 'AT', 'BE', 'BO', 'BR', 'BG', 'CA', 'CL', 'CO']",5.133333333333333,2.0,1,0.7165313105737893,3.2262882748319646,0,183.25,15.707141057671372,0.0
39cNeda5yo8Zsst28oKqjh,Toqwase,493,9,[],12,3,67.72727272727273,20.0,0,0.0,0,0.0,185,"['AR', 'AU', 'AT', 'BE', 'BO', 'BR', 'BG', 'CA', 'CL', 'CO']",0.8624999999999999,1.0,0,0.8464817248906141,0.9209302325581394,0,37.92307692307692,3.3313986728391303,0.0
7eI1cqfGN3bZijbM1rr9RN,LoMalo,8411,38,['funky house'],26,5,135.33333333333334,28.0,0,0.0,0,0.0,185,"['AR', 'AU', 'AT', 'BE', 'BO', 'BR', 'BG', 'CA', 'CL', 'CO']",3.641666666666667,1.0,0,0.8464817248906141,0.907258064516129,0,311.51851851851853,9.680631712173044,0.0
5jA2kmb4okuRnFlLNVhH4d,Byrite,50,4,[],24,24,12.478260869565217,7.0,0,0.0,0,0.0,185,"['AR', 'AU', 'AT', 'BE', 'BO', 'BR', 'BG', 'CA', 'CL', 'CO']",0.38333333333333336,1.0,0,0.8464817248906141,16.94984646878199,0,2.0,2.249527423011391,0.0
5qMHOzLlXeOEjOncWYtRfZ,Stevie Appleton,13159,60,[],50,14,68.47826086956522,7.0,0,0.0,0,0.0,185,"['AR', 'BO', 'BR', 'BG', 'CA', 'CL', 'CO', 'CR', 'CY', 'CZ']",5.75,1.0,2,0.8464817248906141,4.264900662251656,0,258.01960784313724,14.564687709301289,0.0
3KOHpygRuo1ruQAbEneR3t,George FitzGerald,132007,51,[],50,7,108.75510204081633,28.0,2,2.0,9313,4656.5,185,"['AR', 'AU', 'AT', 'BO', 'BR', 'BG', 'CA', 'CL', 'CO', 'CR']",4.8875,1.0,1,0.8464817248906141,1.5134578614502132,1,2588.372549019608,9.95971226189796,3104.3333333333335
2QmItUyhRFr5NBHFTVOBxr,Sonnee,6137,40,['stutter house'],20,3,87.3157894736842,56.0,0,0.0,0,0.0,185,"['AR', 'AU', 'AT', 'BE', 'BO', 'BR', 'BG', 'CA', 'CL', 'CO']",3.666666666666667,2.0,0,0.7165313105737893,0.7671601615074024,0,292.23809523809524,10.557813600710782,0.0
2YEnrpAWWaNRFumgde1lLH,Oden & Fatzo,54563,62,"['house', 'disco house']",50,6,45.57446808510638,21.0,0,0.0,0,0.0,185,"['AR', 'AU', 'AT', 'BE', 'BO', 'BR', 'BG', 'CA', 'CL', 'CO']",5.941666666666667,1.0,2,0.8464817248906141,2.3817567567567566,0,1069.862745098039,13.08851386762623,0.0
6LwxQLAxu5MAwFxkpcCl9j,Justin Irby,1914,21,['piano house'],20,8,52.578947368421055,32.0,0,0.0,0,0.0,185,"['AR', 'AU', 'AT', 'BE', 'BO', 'BR', 'BG', 'CA', 'CL', 'CO']",2.0125,1.0,0,0.8464817248906141,2.9063097514340344,0,91.14285714285714,6.39424139695859,0.0
4MTTLX8x4aVfkYNNp1n0XA,CupidsEnemy,14,0,[],7,7,58.2,10.0,0,0.0,0,0.0,185,"['AR', 'AU', 'AT', 'BE', 'BO', 'BR', 'BG', 'CA', 'CL', 'CO']",0.0,1.0,0,0.8464817248906141,2.3809523809523805,0,1.75,0.0,0.0
1X2sRzO3K7Uvry9JWbG2iO,Oaks,6852,63,['stutter house'],50,39,18.829268292682926,7.0,8,8.0,5761,720.125,185,"['HK', 'TW', 'MO', 'BG', 'CY', 'CZ', 'DK', 'DO', 'EE', 'FI']",6.0375,1.0,2,0.8464817248906141,23.961038961038962,1,134.35294117647058,16.421428216110133,640.1111111111111
40GMyQ5sv1bfiui9CrEPME,Lawrence Walther,3856,50,['lo-fi'],50,44,26.0,4.0,0,0.0,0,0.0,185,"['AR', 'AU', 'AT', 'BE', 'BO', 'BR', 'BG', 'CA', 'CL', 'CO']",4.791666666666667,1.0,1,0.8464817248906141,23.57142857142857,0,75.6078431372549,13.938207495024518,0.0
6WRa5ohaBMu9somEwsvlGL,Clangon,2294,24,['lo-fi'],10,0,157.44444444444446,468.0,0,0.0,0,0.0,185,"['AR', 'AU', 'AT', 'BE', 'BO', 'BR', 'BG', 'CA', 'CL', 'CO']",0.8999999999999999,15.0,0,0.0820849986238988,0.0,0,208.54545454545453,7.137583669272808,0.0
7zAOggQGCRZo03b0cTR3NB,Socrab,1259,41,"['lo-fi', 'lo-fi beats']",50,24,38.977777777777774,39.0,0,0.0,0,0.0,185,"['AR', 'AU', 'AT', 'BE', 'BO', 'BR', 'BG', 'CA', 'CL', 'CO']",3.9291666666666663,1.0,1,0.8464817248906141,10.438144329896907,0,24.686274509803923,13.211054297596482,0.0
4n81jTX3LJ7zxNr6Ss8PkQ,Takura,17223,58,"['bassline', 'drum and bass']",47,14,105.19047619047619,202.0,1,1.0,426,426.0,185,"['AR', 'BE', 'BO', 'BR', 'BG', 'CL', 'CO', 'CR', 'CY', 'CZ']",4.1083333333333325,7.0,1,0.3114032239145977,3.1067277210285313,1,358.8125,13.690996006528861,213.0
3D7OiZlCToIsRybYCEDvIL,idylla,2528,52,"['lo-fi', 'dark ambient']",50,14,28.044444444444444,28.0,0,0.0,0,0.0,185,"['AR', 'AU', 'AT', 'BE', 'BO', 'BR', 'BG', 'CA', 'CL', 'CO']",4.983333333333333,1.0,1,0.8464817248906141,7.23583460949464,0,49.568627450980394,15.273939794345475,0.0
2MdFJmUQf3ckA99IhFF9my,Ely Oaks,109274,70,[],50,27,30.434782608695652,0.0,1,1.0,1,1.0,185,"['TO', 'WS', 'FJ', 'KI', 'MH', 'NR', 'TV', 'FM', 'SB', 'VU']",6.708333333333333,1.0,2,0.8464817248906141,13.402877697841726,1,2142.627450980392,13.892867699731678,0.5
5H3acacLmK93wEdJWZhERU,trxxshed,4529,44,['lo-fi'],50,3,40.255319148936174,91.0,0,0.0,0,0.0,185,"['AR', 'AU', 'AT', 'BE', 'BO', 'BR', 'BG', 'CA', 'CL', 'CO']",3.85,3.0,1,0.6065306597126334,1.2810417928528166,0,88.80392156862744,12.03185099133304,0.0
06eMSN9Y5cS7EZX6nnkxpC,FRENCHGRL,1572,51,[],6,6,49.0,65.0,0,0.0,0,0.0,185,"['AR', 'AU', 'AT', 'BE', 'BO', 'BR', 'BG', 'CA', 'CL', 'CO']",4.675,2.0,1,0.7165313105737893,2.278481012658228,0,224.57142857142858,15.941453086005376,0.0
21dVknSLCsK37cWozWDZZS,Matt Sassari,101263,68,['tech house'],50,16,31.346938775510203,14.0,1,1.0,158,158.0,185,"['AR', 'AU', 'AT', 'BE', 'BO', 'BR', 'BG', 'CA', 'CL', 'CO']",6.5166666666666675,1.0,2,0.8464817248906141,7.824351297405189,1,1985.549019607843,13.585073603523423,79.0
2n0sjgdrfHYJT6B39cdvWW,Thaehan,16382,47,"['lo-fi', 'lo-fi beats']",50,7,75.8,11.0,0,0.0,0,0.0,185,"['AR', 'AU', 'AT', 'BE', 'BO', 'BR', 'BG', 'CA', 'CL', 'CO']",4.504166666666666,1.0,1,0.8464817248906141,1.9848771266540643,0,321.2156862745098,11.151626193925189,0.0
73aKnLT4O8G2pBEfdlQzrE,Purrple Cat,105154,59,"['lo-fi', 'lo-fi beats']",50,7,46.791666666666664,43.0,0,0.0,0,0.0,185,"['AR', 'AU', 'AT', 'BE', 'BO', 'BR', 'BG', 'CA', 'CL', 'CO']",5.408333333333333,2.0,2,0.7165313105737893,2.7346717308735755,0,2061.843137254902,11.748618365692412,0.0
0RwXnFrEoI8tltFvYpJgP6,Confidence Man,122312,55,[],50,21,54.608695652173914,15.0,2,2.0,4539,2269.5,185,"['HK', 'MY', 'PH', 'SG', 'TW', 'ID', 'TH', 'VN', 'AE', 'BH']",5.270833333333334,1.0,2,0.8464817248906141,7.446043165467626,1,2398.274509803922,10.810801092665782,1513.0
1TFqjcoVis5TzVQxrHMSfA,cxlt.,7502,58,"['lo-fi', 'lo-fi beats']",50,33,28.653061224489797,0.0,1,1.0,1137,1137.0,185,"['AU', 'HK', 'MY', 'NZ', 'PH', 'SG', 'TW', 'ID', 'JP', 'TH']",5.558333333333333,1.0,2,0.8464817248906141,16.878914405010438,1,147.09803921568627,14.9648239714598,568.5
4nb9dEgnI46RXAhV0PNCRw,Jordan Reborn,349,13,[],30,25,27.583333333333332,0.0,0,0.0,0,0.0,185,"['AU', 'HK', 'MY', 'NZ', 'PH', 'SG', 'TW', 'ID', 'JP', 'TH']",1.2458333333333333,1.0,0,0.8464817248906141,13.024602026049205,0,11.258064516129032,5.087874543046083,0.0
1AAfkmCFRTSDg18GQ3itgl,DJ Katch,20606,56,['moombahton'],50,4,72.33333333333333,98.0,0,0.0,0,0.0,185,"['AU', 'HK', 'MY', 'NZ', 'PH', 'SG', 'TW', 'ID', 'TH', 'VN']",4.9,3.0,2,0.6065306597126334,1.1726384364820848,0,404.03921568627453,12.980377083675437,0.0
7uPcIYxrvLRWaL0xQU4TnE,Denon Reed,12977,52,['bassline'],43,38,22.842105263157894,0.0,1,1.0,315,315.0,185,"['NZ', 'TO', 'WS', 'FJ', 'KI', 'MH', 'NR', 'TV', 'AU', 'FM']",4.983333333333333,1.0,1,0.8464817248906141,21.573705179282868,1,294.9318181818182,12.64127585860846,157.5
4WUpexcaF2O8ciLWziaNLQ,Dorothea,192,39,[],12,5,98.0,2.0,2,2.0,385,192.5,185,"['AR', 'AU', 'AT', 'BE', 'BO', 'BR', 'BG', 'CA', 'CL', 'CO']",3.7375000000000003,1.0,0,0.8464817248906141,1.171875,1,14.76923076923077,16.917160879194547,128.33333333333334
0sLb0ouettR8lDLnEgCSVK,Living Room,17197,56,"['lo-fi', 'lo-fi beats']",50,13,140.1304347826087,4.0,12,10.0,3379,337.9,185,"['AR', 'AU', 'AT', 'BE', 'BO', 'BR', 'BG', 'CA', 'CL', 'CO']",5.366666666666667,1.0,2,0.8464817248906141,2.292358803986711,1,337.19607843137254,13.220939112087564,259.9230769230769
7M4y7qvcYja7RcXNCGrjeP,Bcalm,10311,58,"['lo-fi', 'lo-fi beats']",50,43,32.08695652173913,2.0,0,0.0,0,0.0,185,"['AR', 'AU', 'AT', 'BE', 'BO', 'BR', 'BG', 'CA', 'CL', 'CO']",5.558333333333333,1.0,2,0.8464817248906141,20.777310924369747,0,202.1764705882353,14.450428606479788,0.0
7fG9d41QElOF8zSI1OoRbE,ticofaces,2662,45,"['lo-fi', 'lo-fi beats']",50,4,32.5,10.0,0,0.0,0,0.0,185,"['AR', 'AU', 'AT', 'BE', 'BO', 'BR', 'BG', 'CA', 'CL', 'CO']",4.3125,1.0,1,0.8464817248906141,1.9200000000000004,0,52.19607843137255,13.131645062913254,0.0
1WR2sls6n0N1usqywvysnX,RAHH,2196,51,[],23,6,116.78947368421052,14.0,21,10.0,7,0.7,185,"['AR', 'AU', 'BE', 'BO', 'BR', 'BG', 'CA', 'CL', 'CO', 'CR']",4.8875,1.0,1,0.8464817248906141,1.2262459662961636,1,91.5,15.25299556912055,0.3181818181818182
6M3bolFum1y8rBbrubby1f,Laura Davie,1008,31,"['piano house', 'disco house']",50,6,41.83720930232558,14.0,0,0.0,0,0.0,185,"['AR', 'AU', 'AT', 'BE', 'BO', 'BR', 'BG', 'CA', 'CL', 'CO']",2.9708333333333337,1.0,0,0.8464817248906141,2.50566526383943,0,19.764705882352942,10.306715286015706,0.0
7sNw4pNLLJNGrU62O80WGE,Leavv,27520,53,"['lo-fi beats', 'lo-fi', 'jazz beats']",50,25,63.479166666666664,2.0,0,0.0,0,0.0,185,"['AR', 'AU', 'AT', 'BE', 'BO', 'BR', 'BG', 'CA', 'CL', 'CO']",5.079166666666667,1.0,2,0.8464817248906141,8.023178069979942,0,539.6078431372549,11.937457960212903,0.0
21ey6s5hEcTcVKDrF5MWby,KOLIDESCOPES,9734,43,['piano house'],50,4,71.5,28.0,0,0.0,0,0.0,185,"['AR', 'BE', 'BO', 'BR', 'BG', 'CL', 'CO', 'CR', 'CY', 'CZ']",4.120833333333334,1.0,0,0.8464817248906141,1.1822660098522169,0,190.86274509803923,10.780354039960336,0.0
44tZnrUH9hayxKwSi7fNaL,Kelsey Gill,735,19,['piano house'],15,0,135.33333333333334,833.0,0,0.0,0,0.0,185,"['AR', 'AU', 'AT', 'BE', 'BO', 'BR', 'BG', 'CA', 'CL', 'CO']",0.19000000000000003,27.0,0,0.011108996538242306,0.0,0,45.9375,6.61523893399414,0.0
4blcLOWB18mDtYoWDlXVuW,GERARD B,122,0,[],5,5,21.333333333333332,114.0,4,4.0,3565,891.25,185,"['AR', 'AU', 'AT', 'BE', 'BO', 'BR', 'BG', 'CA', 'CL', 'CO']",0.0,4.0,0,0.513417119032592,2.9220779220779223,1,20.333333333333332,0.0,713.0
1PzAgFVk9v8cxn9flrqrv5,Joshwa,38582,53,"['tech house', 'latin house', 'house']",50,13,35.59574468085106,0.0,2,2.0,484,242.0,185,"['TO', 'WS', 'FJ', 'KI', 'MH', 'NR', 'TV', 'FM', 'SB', 'VU']",5.079166666666667,1.0,2,0.8464817248906141,5.945507622445671,1,756.5098039215686,11.555659295895778,161.33333333333334
0e7jcv95x5MTycydtfg6wv,Embody,19858,52,['tropical house'],50,7,75.95744680851064,56.0,14,10.0,305,30.5,185,"['AR', 'AU', 'BE', 'BO', 'BR', 'BG', 'CL', 'CO', 'CR', 'CY']",4.766666666666667,2.0,1,0.7165313105737893,1.9819277108433735,1,389.37254901960785,12.098216622591774,20.333333333333332
6z9EDgWh3ZJZKIJI5Q71Cq,Alex Mills,11362,50,['piano house'],50,9,115.09302325581395,7.0,0,0.0,0,0.0,185,"['HK', 'MY', 'PH', 'SG', 'TW', 'ID', 'TH', 'VN', 'SA', 'AE']",4.791666666666667,1.0,1,0.8464817248906141,1.8608751402468346,0,222.7843137254902,12.327912052834472,0.0
6uvHjbvYhxT5K481Ph53H1,Cru2,3863,51,['bassline'],30,30,10.84,0.0,49,10.0,45467,4546.7,185,"['NZ', 'TO', 'WS', 'FJ', 'KI', 'MH', 'NR', 'TV', 'AU', 'FM']",4.8875,1.0,1,0.8464817248906141,22.037218413320275,1,124.61290322580645,14.213858663476275,909.34
6J1pbNXDK0BTTMCvaO5xPv,Delilah,51390,43,[],50,11,193.2325581395349,105.0,3,3.0,1004,334.6666666666667,185,"['HK', 'IE', 'MY', 'PH', 'SG', 'TW', 'GB', 'ID', 'TH', 'IN']",3.5833333333333335,4.0,1,0.513417119032592,1.4782789873945201,1,1007.6470588235294,9.12764522112641,251.0
7nlZWVZ0U8EVad0g71xiZt,Sitting Duck,5456,40,"['lo-fi', 'lo-fi beats']",50,8,37.326530612244895,9.0,0,0.0,0,0.0,185,"['AR', 'AU', 'AT', 'BE', 'BO', 'BR', 'BG', 'CA', 'CL', 'CO']",3.8333333333333335,1.0,1,0.8464817248906141,3.5647165807820556,0,106.98039215686275,10.701855430783173,0.0
5JJ2mNTKFgulclDJxMIyOC,Janika Tenn,1081,29,"['tech house', 'funky house']",50,10,118.48936170212765,0.0,0,0.0,0,0.0,185,"['NZ', 'TO', 'WS', 'FJ', 'KI', 'MH', 'NR', 'TV', 'AU', 'FM']",2.7791666666666663,1.0,0,0.8464817248906141,2.0203467545493625,0,21.19607843137255,9.54630447144244,0.0
61iRph5tWfvUkZjmvBmADo,Little Nikki,2472,25,['uk garage'],27,0,123.24,1148.0,0,0.0,0,0.0,185,"['HK', 'MY', 'PH', 'SG', 'TW', 'ID', 'JP', 'TH', 'VN', 'SA']",0.25,38.0,0,0.0017761035457343791,0.0,0,88.28571428571429,7.364200221697293,0.0
5cBeFQv3kBVP8o15CmPTKb,Tez Cadey,86780,51,['tropical house'],44,4,104.1219512195122,119.0,0,0.0,0,0.0,185,"['HK', 'TW', 'MY', 'PH', 'SG', 'ID', 'TH', 'VN', 'SA', 'AE']",4.25,4.0,1,0.513417119032592,0.894708128750682,0,1928.4444444444443,10.327085761025996,0.0
4QhWReeEx06vljTUlgY3pX,neqqon,1649,1,[],2,2,27.0,7.0,0,0.0,0,0.0,185,"['AR', 'AU', 'AT', 'BE', 'BO', 'BR', 'BG', 'CA', 'CL', 'CO']",0.09583333333333334,1.0,0,0.8464817248906141,1.0526315789473684,0,549.6666666666666,0.31057382250919413,0.0
5FXLHhKgStv36wfwXMhTWt,Will Atkinson,33102,38,"['trance', 'progressive trance']",50,7,79.26666666666667,14.0,0,0.0,0,0.0,185,"['AR', 'AU', 'BE', 'BO', 'BR', 'BG', 'CA', 'CL', 'CO', 'CR']",3.641666666666667,1.0,0,0.8464817248906141,1.9219035997559488,0,649.0588235294117,8.407106776806428,0.0
6YML1LYwRQBqEsZsJ2v3WG,Blue Bunny,804,30,['lo-fi'],4,1,414.6666666666667,240.0,0,0.0,0,0.0,185,"['AR', 'AU', 'AT', 'BE', 'BO', 'BR', 'BG', 'CA', 'CL', 'CO']",2.0,8.0,0,0.26359713811572677,0.06746626686656672,0,160.8,10.307066741282963,0.0
6IoO8i8OnEodMtJ3CFKlAH,Vidojean X Oliver Loenn,19460,50,['afro house'],50,14,57.7906976744186,21.0,0,0.0,0,0.0,185,"['AR', 'AU', 'AT', 'BE', 'BO', 'BR', 'BG', 'CL', 'CO', 'CR']",4.791666666666667,1.0,1,0.8464817248906141,4.784105960264901,0,381.5686274509804,11.656734483631874,0.0
1pUWzVmu8ACMnIAu9BsOHm,Strehlow,7508,44,"['lo-fi beats', 'lo-fi', 'jazz beats']",50,16,34.6530612244898,28.0,0,0.0,0,0.0,185,"['AR', 'AU', 'AT', 'BE', 'BO', 'BR', 'BG', 'CA', 'CL', 'CO']",4.216666666666667,1.0,1,0.8464817248906141,7.424242424242424,0,147.2156862745098,11.35160951694377,0.0
4vhZgo4uiuMnCgnSJEb7yb,Erik Bandt,2176,54,[],2,2,287.0,42.0,0,0.0,0,0.0,185,"['AR', 'AU', 'AT', 'BE', 'BO', 'BR', 'BG', 'CA', 'CL', 'CO']",4.95,2.0,1,0.7165313105737893,0.18927444794952683,0,725.3333333333334,16.169358301465085,0.0
4NhRml5ZOfNaYJAHUE0XwT,Nu Aspect,72189,68,"['deep house', 'chill house', 'bassline']",32,5,94.26666666666667,105.0,3,3.0,4,1.3333333333333333,185,"['AR', 'AU', 'AT', 'BO', 'BR', 'BG', 'CA', 'CL', 'CO', 'CR']",5.666666666666668,4.0,2,0.513417119032592,1.2070815450643777,1,2187.5454545454545,13.995999500170777,1.0
5dncbrnveDMX9DgxcedeUg,Louie Vega,81724,49,"['latin house', 'deep house', 'disco house', 'chicago house', 'funky house', 'house']",50,20,260.93617021276594,14.0,2,2.0,6840,3420.0,185,"['AR', 'AT', 'BE', 'BO', 'BR', 'BG', 'CA', 'CL', 'CO', 'CR']",4.695833333333334,1.0,1,0.8464817248906141,2.062308029837648,1,1602.4313725490197,9.974752164869168,2280.0
3a6XMXgL5f92tw3wX42kOC,blythe,2045,51,['stutter house'],12,12,23.545454545454547,84.0,1,1.0,1,1.0,185,"['AR', 'AU', 'BE', 'BO', 'BR', 'BG', 'CA', 'CL', 'CO', 'CR']",4.4625,3.0,1,0.6065306597126334,6.723259762308998,1,157.30769230769232,15.394777209037574,0.5
1fdvv0i3DqRnlrpHVBH1ek,Alex Maher,2412,51,[],14,0,535.5384615384615,472.0,0,0.0,0,0.0,185,"['AR', 'AU', 'AT', 'BE', 'BO', 'BR', 'BG', 'CL', 'CO', 'CR']",1.7000000000000002,16.0,1,0.06948345122280154,0.0,0,160.8,15.07014648424037,0.0
39tHooPi7CTxg54zNE6YXS,Marc Remy,7,0,[],17,6,80.6875,1.0,0,0.0,0,0.0,185,"['AE', 'AM', 'AU', 'AZ', 'BD', 'BG', 'BH', 'BI', 'BN', 'BT']",0.0,1.0,0,0.8464817248906141,1.6261998870694523,0,0.3888888888888889,0.0,0.0
3oIYDwz9ylnIQ1jSg5373d,Dark Dhalia,346,40,['deep house'],8,5,54.142857142857146,42.0,0,0.0,0,0.0,185,"['AR', 'AU', 'AT', 'BE', 'BO', 'BR', 'BG', 'CA', 'CL', 'CO']",3.666666666666667,2.0,1,0.7165313105737893,1.7826825127334467,0,38.44444444444444,15.677359945043001,0.0
0vpi2tMaHCn6YHS6L7qgoe,eugenio izzi,7031,51,['lo-fi'],50,11,45.791666666666664,7.0,0,0.0,0,0.0,185,"['AR', 'AU', 'AT', 'BE', 'BO', 'BR', 'BG', 'CA', 'CL', 'CO']",4.8875,1.0,1,0.8464817248906141,4.354040681693238,0,137.86274509803923,13.254897798516366,0.0
2gduEC76ry33RVurAvT05p,Nathan Dawe,143899,63,[],50,11,29.19148936170213,28.0,0,0.0,0,0.0,185,"['AR', 'AU', 'AT', 'BO', 'BR', 'BG', 'CL', 'CO', 'CR', 'CY']",6.0375,1.0,2,0.8464817248906141,5.575125808770668,0,2821.549019607843,12.213828175340538,0.0
5gGbAKDXhDoBXIJe8SuBvX,Jules Buckley,12397,54,[],50,9,124.4,7.0,0,0.0,0,0.0,185,"['AR', 'AU', 'AT', 'BE', 'BO', 'BR', 'BG', 'CL', 'CO', 'CR']",5.175000000000001,1.0,2,0.8464817248906141,1.7487046632124352,0,243.07843137254903,13.191107843567936,0.0
4JPfOqXKKC4wKOBd1Qxs9n,Curtis Gabriel,2654,43,['house'],29,0,65.12,2303.0,0,0.0,0,0.0,185,"['AR', 'BE', 'BO', 'BR', 'BG', 'CA', 'CL', 'CO', 'CR', 'CY']",0.43000000000000005,76.0,1,3.1545438051702337e-06,0.0,0,88.46666666666667,12.552786582218234,0.0
4lCNaqCPL90EFNDVO7kNbo,Dave Silcox,2288,37,['deep house'],50,0,70.3695652173913,1778.0,0,0.0,0,0.0,185,"['AR', 'BO', 'BR', 'BG', 'CA', 'CL', 'CO', 'CR', 'CY', 'CZ']",0.37,58.0,1,6.336070607455965e-05,0.0,0,44.86274509803921,11.0074820330947,0.0
3JOvRLynmP4mA6dvlWARoA,Coldabank,6124,51,"['chill house', 'deep house']",50,2,54.93478260869565,322.0,0,0.0,0,0.0,185,"['BE', 'BG', 'CZ', 'DK', 'EE', 'FI', 'FR', 'GR', 'HK', 'HU']",2.7625000000000006,11.0,1,0.1598797460796939,0.7064243665216279,0,120.07843137254902,13.464479931764545,0.0
5w282f2wMOeeIGJGN4Pmd1,Amanda Wilson,3952,49,['funky house'],50,10,171.5581395348837,0.0,0,0.0,0,0.0,185,"['AU', 'NZ', 'PH', 'TW', 'ID', 'VN', 'FJ', 'FM', 'PW', 'PG']",4.695833333333334,1.0,1,0.8464817248906141,1.48840429214261,0,77.49019607843137,13.619000782868182,0.0
4JSEphdvFCcC5rH0SyNO0V,prod.lxuis,38,1,[],16,9,56.15384615384615,20.0,0,0.0,0,0.0,185,"['AR', 'AU', 'AT', 'BE', 'BO', 'BR', 'BG', 'CA', 'CL', 'CO']",0.09583333333333334,1.0,0,0.8464817248906141,3.1339285714285716,0,2.235294117647059,0.5947986391060673,0.0
7i9PhtRTxJnGvgoOXgTox2,møndberg,2228,47,['lo-fi'],50,5,34.19512195121951,165.0,0,0.0,0,0.0,185,"['AR', 'AU', 'AT', 'BE', 'BO', 'BR', 'BG', 'CA', 'CL', 'CO']",3.525,6.0,1,0.36787944117144233,2.3366261398176293,0,43.68627450980392,14.030436748641941,0.0
0vg08N1z9G9LrGLkG1nNDS,Mujo,29750,56,"['lo-fi', 'lo-fi beats', 'jazz beats']",50,19,71.73469387755102,8.0,5,5.0,5813,1162.6,185,"['AR', 'AU', 'AT', 'BE', 'BO', 'BR', 'BG', 'CA', 'CL', 'CO']",5.366666666666667,1.0,2,0.8464817248906141,5.602808425275827,1,583.3333333333334,12.51779055532225,968.8333333333334
3SArT8JtWehqNmycXIZren,Khamsin,8274,40,['future bass'],42,3,89.275,154.0,0,0.0,0,0.0,185,"['AU', 'AT', 'BE', 'BG', 'CY', 'CZ', 'DK', 'DE', 'EE', 'FI']",3.1666666666666665,5.0,1,0.4345982085070782,0.7545587927059316,0,192.41860465116278,10.208664879884797,0.0
2Di8r9df6xjyj6CVOqbGVz,Marshall Jefferson,38253,51,"['chicago house', 'acid house', 'house', 'piano house']",50,4,92.28260869565217,7.0,0,0.0,0,0.0,185,"['AR', 'AU', 'AT', 'BE', 'BO', 'BR', 'BG', 'CA', 'CL', 'CO']",4.8875,1.0,1,0.8464817248906141,0.9813333333333333,0,750.0588235294117,11.128618639976324,0.0
5IrxhrMyvZxzgPYrC9j2km,Ian Asher,138040,62,['p-pop'],23,11,36.27272727272727,28.0,0,0.0,0,0.0,185,"['AR', 'AU', 'AT', 'BE', 'BO', 'BR', 'BG', 'CL', 'CO', 'CR']",5.941666666666667,1.0,2,0.8464817248906141,4.979423868312757,0,5751.666666666667,12.062171362758107,0.0
5xQaB2JfKU3pi6IqRsHy4G,farfetch'd,7538,41,"['lounge', 'deep house']",50,3,49.63636363636363,28.0,0,0.0,0,0.0,185,"['AR', 'BE', 'BO', 'BR', 'BG', 'CA', 'CL', 'CO', 'CR', 'CY']",3.9291666666666663,1.0,0,0.8464817248906141,1.13013698630137,0,147.80392156862746,10.57291835934016,0.0
7i9j813KFoSBMldGqlh2Z1,Riton,154129,65,['house'],50,6,51.43478260869565,7.0,0,0.0,0,0.0,185,"['AR', 'AU', 'AT', 'BE', 'BO', 'BR', 'BG', 'CL', 'CO', 'CR']",6.229166666666667,1.0,2,0.8464817248906141,2.2103577148958893,0,3022.1372549019607,12.52912410050607,0.0
4ckR0ugGYRFJ1hvADvK2aI,Melvin,1,3,[],1,1,30.0,210.0,6,6.0,601,100.16666666666667,185,"['AR', 'AU', 'AT', 'BE', 'BO', 'BR', 'BG', 'CA', 'CL', 'CO']",0.21249999999999997,7.0,0,0.3114032239145977,0.5,1,0.5,2.880757703367382,85.85714285714286
32CSGSXgKI6WgPHwzSRYbG,Mohtiv,9706,40,[],39,9,70.38888888888889,28.0,0,0.0,0,0.0,185,"['AR', 'AU', 'BE', 'BO', 'BR', 'BG', 'CA', 'CL', 'CO', 'CR']",3.8333333333333335,1.0,1,0.8464817248906141,2.689540675152186,0,242.65,10.03137939328377,0.0
5J086zO8z4K8bO0Sqh6W6U,Mike Swagger,1406,0,[],8,0,286.85714285714283,1029.0,0,0.0,0,0.0,185,"['AR', 'AU', 'AT', 'BE', 'BO', 'BR', 'BG', 'CA', 'CL', 'CO']",0.0,34.0,0,0.0034593773364647584,0.0,0,156.22222222222223,0.0,0.0
4DWuml4Jf6K81b5rAPwMb6,Clementine Douglas,38280,68,[],50,16,32.666666666666664,7.0,1,1.0,978,978.0,185,"['AR', 'AT', 'BE', 'BO', 'BR', 'BG', 'CA', 'CL', 'CO', 'CR']",6.5166666666666675,1.0,2,0.8464817248906141,7.659574468085108,1,750.5882352941177,14.83716635507271,489.0
6XjgqvaVLUib6lCerbZrYD,Stryv,16617,71,['afro house'],3,3,126.0,154.0,0,0.0,0,0.0,185,"['AR', 'AU', 'AT', 'BE', 'BO', 'BR', 'BG', 'CA', 'CL', 'CO']",5.620833333333333,5.0,1,0.4345982085070782,0.5769230769230769,0,4154.25,16.821400264549105,0.0
2s7Oijd4mFGgEkhYJtf3sJ,Shane Codd,28957,50,['piano house'],50,8,50.65909090909091,35.0,0,0.0,0,0.0,185,"['AR', 'AT', 'BO', 'BR', 'CA', 'CL', 'CO', 'CR', 'CY', 'CZ']",4.791666666666667,1.0,1,0.8464817248906141,2.9754860524091296,0,567.7843137254902,11.205979641498196,0.0
27ze6hCgfr3HcDZAHY60pg,Låpsley,233488,51,[],50,10,84.89583333333333,15.0,1,1.0,210,210.0,185,"['AR', 'AU', 'AT', 'BE', 'BO', 'BR', 'BG', 'CA', 'CL', 'CO']",4.8875,1.0,1,0.8464817248906141,2.611060743427017,1,4578.196078431372,9.50024401326795,105.0
1PPyzpnVhzlh4mrUrIkCzr,Jay Dixie,12502,40,"['slap house', 'stutter house', 'brazilian bass']",37,9,66.13888888888889,7.0,0,0.0,0,0.0,185,"['AR', 'AU', 'AT', 'BE', 'BO', 'BR', 'BG', 'CA', 'CL', 'CO']",3.8333333333333335,1.0,0,0.8464817248906141,2.808436867957238,0,329.0,9.762462839813603,0.0
0U6Adu2ODsqB9urN7BslVo,Alex Baker,15088,54,[],39,14,47.10526315789474,23.0,1,1.0,20,20.0,185,"['AR', 'AU', 'AT', 'BE', 'BO', 'BR', 'BG', 'CA', 'CL', 'CO']",5.175000000000001,1.0,2,0.8464817248906141,5.447098976109214,1,377.2,12.92200077565021,10.0
7HIN13S8A6wfupCwXRNv6U,Saavan,7649,43,[],31,1,105.9,359.0,1,1.0,1,1.0,185,"['AR', 'AT', 'BE', 'BO', 'BR', 'BG', 'CA', 'CL', 'CY', 'CZ']",2.15,12.0,1,0.1353352832366127,0.22075055187637968,1,239.03125,11.07057031211044,0.5
3VWTPcscdzb8CFByY7AiR6,VickiJazz,628,1,[],9,3,224.5,133.0,0,0.0,0,0.0,185,"['AR', 'AU', 'AT', 'BE', 'BO', 'BR', 'BG', 'CA', 'CL', 'CO']",0.08333333333333333,4.0,0,0.513417119032592,0.3536345776031434,0,62.8,0.356529031458775,0.0
38xM2PuRgJ0CKk9vTzHoG7,Hakuten,339,11,[],3,3,10.0,14.0,0,0.0,0,0.0,185,"['AR', 'AU', 'AT', 'BE', 'BO', 'BR', 'BG', 'CA', 'CL', 'CO']",1.0541666666666667,1.0,0,0.8464817248906141,2.25,0,84.75,4.325896651566158,0.0
6ay740FQIPgTMahZqP9Opx,TyLuv.,3090,41,"['lo-fi', 'lo-fi beats']",50,27,29.040816326530614,85.0,0,0.0,0,0.0,185,"['AR', 'AU', 'AT', 'BE', 'BO', 'BR', 'BG', 'CA', 'CL', 'CO']",3.5874999999999995,3.0,1,0.6065306597126334,13.719322502592465,0,60.588235294117645,11.743269129751235,0.0
3MtB9LTUuqKNrlIx4n7wG5,Revelle27,1350,43,"['piano house', 'deep house', 'chill house']",11,2,170.33333333333334,161.0,0,0.0,0,0.0,185,"['AR', 'AU', 'BE', 'BO', 'BR', 'BG', 'CL', 'CO', 'CR', 'CY']",3.4041666666666663,5.0,0,0.4345982085070782,0.2995008319467554,0,112.5,13.72250393481302,0.0
26e6xlrurIqVfo2GzwuSMQ,Khutko,2814,39,"['lo-fi', 'lo-fi beats']",34,7,50.78125,84.0,0,0.0,0,0.0,185,"['AR', 'AU', 'AT', 'BE', 'BO', 'BR', 'BG', 'CA', 'CL', 'CO']",3.4125,3.0,1,0.6065306597126334,2.5996131528046424,0,80.4,11.301515265469606,0.0
7LBriDKGqZTycyeF2WBhYC,Liulf Lucifer,1,0,[],1,1,30.0,12.0,0,0.0,0,0.0,185,"['AR', 'AU', 'AT', 'BE', 'BO', 'BR', 'BG', 'CA', 'CL', 'CO']",0.0,1.0,0,0.8464817248906141,0.5,0,0.5,0.0,0.0
0YAkOkbeAPiS35qyouiM4O,Oatmello,22709,50,"['lo-fi', 'lo-fi beats']",50,28,62.1063829787234,0.0,0,0.0,0,0.0,185,"['AU', 'HK', 'MY', 'NZ', 'PH', 'SG', 'TW', 'ID', 'JP', 'TH']",4.791666666666667,1.0,1,0.8464817248906141,9.11988911988912,0,445.27450980392155,11.477395056323662,0.0
6rRqxCKHpl9C5Imf2uinft,Kyle McEvoy,18851,50,"['lo-fi beats', 'lo-fi']",50,41,78.26190476190476,0.0,2,2.0,2157,1078.5,185,"['AU', 'HK', 'MY', 'NZ', 'PH', 'SG', 'TW', 'ID', 'JP', 'TH']",4.791666666666667,1.0,1,0.8464817248906141,11.361337145370573,1,369.62745098039215,11.69436164157865,719.0
4eHzBO6qaL2wt35kENSbTs,Tobiahs,69591,60,['stutter house'],17,4,205.625,56.0,0,0.0,0,0.0,185,"['AR', 'BE', 'BO', 'BR', 'BG', 'CA', 'CL', 'CO', 'CR', 'CY']",5.499999999999999,2.0,2,0.7165313105737893,0.5092838196286472,0,3866.1666666666665,12.389998804339287,0.0
3DWpDqNBdUvlSfzRk27N4z,Josh Hunter,7969,30,"['piano house', 'tech house']",50,9,50.458333333333336,14.0,0,0.0,0,0.0,185,"['AR', 'AU', 'AT', 'BE', 'BO', 'BR', 'BG', 'CA', 'CL', 'CO']",2.875,1.0,1,0.8464817248906141,3.3557742102537547,0,156.2549019607843,7.688466485022656,0.0
4HJnsUVBubdKJ2aV0sr48u,Ape Drums,27796,56,['moombahton'],50,11,99.40425531914893,0.0,1,1.0,11,11.0,185,"['JP', 'KR', 'TL', 'BN', 'HK', 'MN', 'MO', 'MY', 'PH', 'SG']",5.366666666666667,1.0,2,0.8464817248906141,2.550147977638935,1,545.0196078431372,12.600867359964187,5.5
7h7ahzbTkbAFsshWJ7fOrc,Anton Powers,58982,48,[],50,2,73.65217391304348,105.0,1,1.0,4,4.0,185,"['HK', 'TW', 'MO', 'AR', 'BE', 'BO', 'BR', 'CL', 'CO', 'CR']",4.0,4.0,1,0.513417119032592,0.5788590604026845,1,1156.5098039215686,10.061220176607353,2.0
7prlMfcEngFPNXeIdv3i8T,Alethea Crimmins,274,20,['funky house'],3,3,73.5,168.0,0,0.0,0,0.0,185,"['AR', 'AU', 'AT', 'BE', 'BO', 'BR', 'BG', 'CA', 'CL', 'CO']",1.5000000000000002,6.0,0,0.36787944117144233,0.8695652173913043,0,68.5,8.15222373449364,0.0
1KIGjwZj1Iojrjpf9FPrfS,Akīn,1691,46,"['lo-fi', 'lo-fi beats']",49,10,28.270833333333332,133.0,7,7.0,323,46.142857142857146,185,"['AR', 'AU', 'AT', 'BE', 'BO', 'BR', 'BG', 'CA', 'CL', 'CO']",3.8333333333333335,4.0,1,0.513417119032592,5.148373257061137,1,33.82,14.238381335666979,40.375
2mjAIMoDRBnl9BpF69AjWR,Travis Miguel,345,3,['christian hip hop'],5,4,91.25,7.0,0,0.0,0,0.0,185,"['AR', 'AU', 'AT', 'BE', 'BO', 'BR', 'BG', 'CA', 'CL', 'CO']",0.28750000000000003,1.0,0,0.8464817248906141,0.9896907216494847,0,57.5,1.1763652444715758,0.0
3chQixmxhv9UmwQc8aBApA,DLJ,11052,49,"['lo-fi', 'lo-fi beats']",50,8,55.666666666666664,9.0,0,0.0,0,0.0,185,"['AR', 'AU', 'AT', 'BE', 'BO', 'BR', 'BG', 'CA', 'CL', 'CO']",4.695833333333334,1.0,1,0.8464817248906141,2.8015564202334633,0,216.7058823529412,12.11721455206689,0.0
2UNjfzEkfsdWVDwnuD6vdH,bbyclose,4860,68,[],50,50,8.707317073170731,0.0,0,0.0,0,0.0,184,"['JP', 'HK', 'MY', 'PH', 'SG', 'TW', 'ID', 'KH', 'TH', 'VN']",6.5166666666666675,1.0,2,0.8464817248906141,38.752362948960304,0,95.29411764705883,18.440533136206607,0.0
4Z8VUcNZQ0XzPpk8A9rvku,Mike La Funk,4875,30,[],50,0,78.62222222222222,994.0,0,0.0,0,0.0,185,"['AR', 'BE', 'BO', 'BR', 'BG', 'CL', 'CO', 'CR', 'CY', 'CZ']",0.3,33.0,1,0.004086771438464067,0.0,0,95.58823529411765,8.132583738583705,0.0
0jPFnkOW02ogcNH6PWnhUT,Pansil,899,24,"['piano house', 'latin house']",50,7,28.488372093023255,84.0,0,0.0,0,0.0,185,"['AR', 'AU', 'BE', 'BO', 'BR', 'BG', 'CA', 'CL', 'CO', 'CR']",2.1,3.0,0,0.6065306597126334,3.590457256461233,0,17.627450980392158,8.112043865641752,0.0
3VRyybsQu0MDG0F2LBxnv7,Noizu,90897,57,"['tech house', 'house', 'piano house']",50,9,51.142857142857146,49.0,1,1.0,6896,6896.0,185,"['AT', 'BE', 'BG', 'CY', 'CZ', 'DK', 'DE', 'EE', 'FI', 'FR']",5.225,2.0,2,0.7165313105737893,3.327464788732394,1,1782.2941176470588,11.495186290214779,3448.0
2b0aKuno01NxPWVCUVIEc8,Elijah Who,180559,48,"['lo-fi', 'lo-fi beats']",50,5,56.0625,32.0,1,1.0,72,72.0,185,"['AR', 'AU', 'AT', 'BE', 'BO', 'BR', 'BG', 'CA', 'CL', 'CO']",4.6000000000000005,1.0,1,0.8464817248906141,1.7429193899782136,1,3540.372549019608,9.131302665695301,36.0
4hBKmn2TANIyEnDDoCo5Na,Xion Nev,96,2,[],22,12,42.666666666666664,7.0,0,0.0,0,0.0,185,"['AR', 'AU', 'AT', 'BE', 'BO', 'BR', 'BG', 'CA', 'CL', 'CO']",0.19166666666666668,1.0,0,0.8464817248906141,4.954128440366973,0,4.173913043478261,0.9875051636897016,0.0
1mDmwVhkzWBBCC8WDpg7qh,Samuele Sartini,4866,47,[],50,5,127.13953488372093,14.0,0,0.0,0,0.0,185,"['AR', 'BO', 'BR', 'BG', 'CL', 'CO', 'CY', 'CZ', 'EC', 'EE']",4.504166666666666,1.0,1,0.8464817248906141,0.9545656356371172,0,95.41176470588235,12.743814603558834,0.0
1cgc6Po7FIZwvzVQBtK5ts,Ollie Knight,67,19,['piano house'],2,1,252.0,266.0,0,0.0,0,0.0,185,"['AR', 'AU', 'AT', 'BE', 'BO', 'BR', 'BG', 'CA', 'CL', 'CO']",1.1875,9.0,0,0.22313016014842982,0.10638297872340426,0,22.333333333333332,10.071610608243425,0.0
3u6Q3buSw9IYavdUpiDM0m,Dr.Kryovak,11,0,[],5,3,544.5,20.0,0,0.0,0,0.0,185,"['AR', 'AU', 'AT', 'BE', 'BO', 'BR', 'BG', 'CA', 'CL', 'CO']",0.0,1.0,0,0.8464817248906141,0.1566579634464752,0,1.8333333333333333,0.0,0.0
0UU0uuyrwixjg1aqQTeuh9,Benjamin Barth,1086,23,"['piano house', 'funky house', 'disco house', 'nu disco']",50,2,49.73809523809524,357.0,0,0.0,0,0.0,185,"['AR', 'AU', 'BO', 'BR', 'BG', 'CA', 'CL', 'CO', 'CR', 'CY']",1.1500000000000001,12.0,0,0.1353352832366127,0.75246342191699,0,21.294117647058822,7.5662609857750835,0.0
1jqZYnjD94AInFWRpShDuk,SnowRaw,326,1,[],39,39,15.304347826086957,12.0,0,0.0,0,0.0,185,"['AR', 'AU', 'AT', 'BE', 'BO', 'BR', 'BG', 'CA', 'CL', 'CO']",0.09583333333333334,1.0,0,0.8464817248906141,25.8253358925144,0,8.15,0.39582965318624075,0.0
0HxX6imltnNXJyQhu4nsiO,LF SYSTEM,89701,63,[],50,15,40.65909090909091,84.0,2,2.0,4927,2463.5,185,"['AR', 'BO', 'BR', 'CL', 'CO', 'CR', 'CY', 'DO', 'EC', 'SV']",5.5125,3.0,2,0.6065306597126334,6.368607269218398,1,1758.8431372549019,12.719960169306534,1642.3333333333333
0mMbOTfyWg2yC2iLOTtcyn,Bret Kelley,120,0,[],10,8,86.875,1.0,0,0.0,0,0.0,185,"['AE', 'AM', 'AU', 'AZ', 'BD', 'BG', 'BH', 'BI', 'BN', 'BT']",0.0,1.0,0,0.8464817248906141,2.0534759358288768,0,10.909090909090908,0.0,0.0
320LkiSxenwJtoxQ9SZ1eV,Kwesi,6211,45,"['melodic bass', 'future bass']",50,7,80.59183673469387,37.0,2,2.0,286,143.0,185,"['AR', 'AU', 'AT', 'BE', 'BO', 'BR', 'BG', 'CA', 'CL', 'CO']",4.3125,1.0,1,0.8464817248906141,1.8988743310573908,1,121.7843137254902,11.861269949818983,95.33333333333333
7arwEayqcKWkzDmGEB7xov,Discrete,23916,47,['stutter house'],43,7,56.976190476190474,87.0,0,0.0,0,0.0,185,"['HK', 'TW', 'MO', 'AR', 'AU', 'AT', 'BE', 'BO', 'BR', 'BG']",4.1125,3.0,1,0.6065306597126334,2.4144538735286067,0,543.5454545454545,10.733362475672521,0.0
1mrrvBvbrm28iYaPlJ9mG5,Alex Adair,42234,44,['tropical house'],50,10,79.54347826086956,7.0,0,0.0,0,0.0,185,"['HK', 'MY', 'PH', 'SG', 'TW', 'ID', 'JP', 'TH', 'VN', 'SA']",4.216666666666667,1.0,1,0.8464817248906141,2.7386386187735665,0,828.1176470588235,9.511940117379424,0.0
5vf2wspF7dOG6RmqqdZiiJ,Nvmb.,1600,35,['lo-fi'],5,0,209.5,877.0,0,0.0,0,0.0,185,"['AR', 'AU', 'AT', 'BE', 'BO', 'BR', 'BG', 'CA', 'CL', 'CO']",0.35,29.0,0,0.00795994384870645,0.0,0,266.6666666666667,10.914219029350376,0.0
5KWuT2TVl9hUAaMK7m2Nmg,Rip Cova,87,8,[],6,6,20.8,30.0,0,0.0,0,0.0,185,"['AR', 'AU', 'AT', 'BE', 'BO', 'BR', 'BG', 'CA', 'CL', 'CO']",0.7666666666666667,1.0,0,0.8464817248906141,3.543307086614173,0,12.428571428571429,4.026632683575279,0.0
5Ir3p8cuXbnyChlSw020AO,Official Rebel,683,3,[],3,3,108.5,70.0,2,2.0,9608,4804.0,185,"['AR', 'AU', 'AT', 'BE', 'BO', 'BR', 'BG', 'CA', 'CL', 'CO']",0.27499999999999997,2.0,0,0.7165313105737893,0.6498194945848375,1,170.75,1.056065371942592,3202.6666666666665
2lsJv6qUERUm02g6uaxRri,Jessica Hammond,1468,34,[],43,12,41.666666666666664,21.0,0,0.0,0,0.0,185,"['AR', 'AU', 'AT', 'BE', 'BO', 'BR', 'BG', 'CA', 'CL', 'CO']",3.2583333333333337,1.0,0,0.8464817248906141,5.023255813953488,0,33.36363636363637,10.726653701295936,0.0
6uFRUssTfqFu5uuvUfPLXk,trap90s,10,0,[],21,12,33.15,6.0,4,4.0,940,235.0,185,"['AR', 'AU', 'AT', 'BE', 'BO', 'BR', 'BG', 'CA', 'CL', 'CO']",0.0,1.0,0,0.8464817248906141,5.7007125890736345,1,0.45454545454545453,0.0,188.0
0CF9CnQbK6uS8u78KVnIPv,Sweet Medicine,6276,52,"['lo-fi', 'lo-fi beats']",50,3,39.46938775510204,173.0,0,0.0,0,0.0,185,"['AR', 'AU', 'AT', 'BE', 'BO', 'BR', 'BG', 'CA', 'CL', 'CO']",3.9000000000000004,6.0,1,0.36787944117144233,1.2955346650998825,0,123.05882352941177,13.69006707691348,0.0
5yPbD3GDQijAsUMh0cwrSB,ThaKidd,45,0,[],2,2,28.0,84.0,0,0.0,0,0.0,185,"['AR', 'AU', 'AT', 'BE', 'BO', 'BR', 'BG', 'CA', 'CL', 'CO']",0.0,3.0,0,0.6065306597126334,1.0344827586206897,0,15.0,0.0,0.0
3LYXvIIHViMsDvK7AtBXMu,MANETH,104,17,[],2,2,47.0,16.0,0,0.0,0,0.0,185,"['AR', 'AU', 'AT', 'BE', 'BO', 'BR', 'BG', 'CA', 'CL', 'CO']",1.6291666666666669,1.0,0,0.8464817248906141,0.7792207792207793,0,34.666666666666664,8.264845108880102,0.0
7rjd9A2smYVmaASUVMCUPy,Keys & Copper,9874,47,"['funky house', 'tropical house', 'lounge']",30,2,92.29629629629629,182.0,0,0.0,0,0.0,185,"['AR', 'AU', 'AT', 'BE', 'BO', 'BR', 'BG', 'CA', 'CL', 'CO']",3.525,6.0,1,0.36787944117144233,0.4906117504542702,0,318.51612903225805,11.764903966435927,0.0
2t9efDsc10DtZpi4LP3BJJ,Fragma,66213,51,"['trance', 'eurodance']",50,10,191.67391304347825,14.0,0,0.0,0,0.0,185,"['AR', 'BE', 'BO', 'BR', 'BG', 'CL', 'CO', 'CR', 'CY', 'CZ']",4.8875,1.0,1,0.8464817248906141,1.3533392174168872,0,1298.2941176470588,10.578698686467767,0.0
4vXVzSSH673xUv5sUmRGYX,no one's perfect,5219,47,['lo-fi'],50,11,47.979166666666664,14.0,2,2.0,14,7.0,185,"['AR', 'AU', 'AT', 'BE', 'BO', 'BR', 'BG', 'CA', 'CL', 'CO']",4.504166666666666,1.0,1,0.8464817248906141,4.2318995458188615,1,102.33333333333333,12.639781726372142,4.666666666666667
2ed1paa4TCZ0C8aLk5xalM,Flex (UK),5754,51,[],11,11,20.3,98.0,0,0.0,0,0.0,185,"['AR', 'AU', 'AT', 'BE', 'BO', 'BR', 'BG', 'CA', 'CL', 'CO']",4.4625,3.0,1,0.6065306597126334,6.560636182902584,0,479.5,13.561218631781827,0.0
366L4EjZXBPYbHs9XDQILZ,Ben Hemsley,58622,52,['tech house'],50,20,45.630434782608695,15.0,0,0.0,0,0.0,185,"['AR', 'AU', 'BE', 'BO', 'BR', 'BG', 'CA', 'CL', 'CO', 'CR']",4.983333333333333,1.0,1,0.8464817248906141,7.933314170738719,0,1149.450980392157,10.905732152508874,0.0
5RUp8dOgNYNeLXIm3mhEiS,Sahara Moon,1558,46,[],13,3,215.16666666666666,112.0,0,0.0,0,0.0,185,"['AR', 'AU', 'AT', 'BE', 'BO', 'BR', 'BG', 'CA', 'CL', 'CO']",3.8333333333333335,4.0,1,0.513417119032592,0.36709721278042157,0,111.28571428571429,14.395936828130612,0.0
3flURQ5mXBE6GW0HsVwLH0,FABER,1292,39,[],16,2,185.8181818181818,294.0,1,1.0,4,4.0,185,"['AR', 'AU', 'BE', 'BO', 'BR', 'BG', 'CL', 'CO', 'CR', 'CY']",2.275,10.0,0,0.18887560283756183,0.27801179443976415,1,76.0,12.521627964917245,2.0
776UugG4CdQlYfsEUVCRqb,Nina Carr,4431,53,"['tropical house', 'chill house']",50,14,34.5625,7.0,0,0.0,0,0.0,185,"['AR', 'AU', 'AT', 'BE', 'BO', 'BR', 'BG', 'CL', 'CO', 'CR']",5.079166666666667,1.0,1,0.8464817248906141,6.505324298160696,0,86.88235294117646,14.5305769367729,0.0
60utSXly2mAtCZr8XTe7Z9,ronbrxx,8,0,[],6,6,47.5,24.0,0,0.0,0,0.0,185,"['AR', 'AU', 'AT', 'BE', 'BO', 'BR', 'BG', 'CA', 'CL', 'CO']",0.0,1.0,0,0.8464817248906141,2.3225806451612905,0,1.1428571428571428,0.0,0.0
2SwhNukah1MYpLR594PnuC,Steve Edwards,10099,68,[],50,8,199.53488372093022,168.0,1,1.0,862,862.0,185,"['AR', 'BO', 'BG', 'CL', 'CO', 'CR', 'CZ', 'DK', 'DO', 'EC']",5.1,6.0,1,0.36787944117144233,1.0455927051671734,1,198.01960784313727,16.980013689556014,431.0
5rr0CMtvn1p9Be8ICfkTc3,Charming Horses,57437,49,['tropical house'],50,4,25.958333333333332,154.0,0,0.0,0,0.0,185,"['AR', 'AU', 'AT', 'BE', 'BO', 'BR', 'BG', 'CA', 'CL', 'CO']",3.8791666666666664,5.0,1,0.4345982085070782,2.1444527177959793,0,1126.2156862745098,10.295702333293924,0.0
6MvnyPinXRQbUCMsPoymhR,Lenny Loops,3974,58,"['lo-fi', 'lo-fi beats']",50,44,32.23076923076923,0.0,0,0.0,0,0.0,185,"['AU', 'HK', 'MY', 'NZ', 'PH', 'SG', 'TW', 'ID', 'JP', 'TH']",5.558333333333333,1.0,1,0.8464817248906141,21.211372064276883,0,77.92156862745098,16.10968213866759,0.0
25hmNMFuDlPLe0TIcr8Djd,Hyzteria,1836,48,['chill house'],14,11,39.30769230769231,7.0,0,0.0,0,0.0,185,"['AR', 'AU', 'BE', 'BO', 'BR', 'CA', 'CL', 'CO', 'CR', 'CY']",4.6000000000000005,1.0,1,0.8464817248906141,4.761376248612653,0,122.4,14.695834361244115,0.0
0GpE0FV61bukUqz6U11ku5,SoundlessV2,41,0,[],18,10,36.8125,72.0,0,0.0,0,0.0,185,"['AR', 'AU', 'AT', 'BE', 'BO', 'BR', 'BG', 'CA', 'CL', 'CO']",0.0,2.0,0,0.7165313105737893,4.490177736202058,0,2.1578947368421053,0.0,0.0
6KGv020mJkIjQH5YPDSBcZ,Astrality,17428,62,"['chill house', 'deep house']",31,6,59.241379310344826,35.0,2,2.0,3,1.5,185,"['AR', 'AU', 'BE', 'BO', 'BR', 'BG', 'CA', 'CL', 'CO', 'CR']",5.941666666666667,1.0,2,0.8464817248906141,2.017001545595054,1,544.625,14.617481699298418,1.0
4C9H5Lat1NEZasl8MQHvtB,JEWELS,5811,46,"['deep house', 'chill house', 'afro house']",33,8,52.75,7.0,13,10.0,5766,576.6,185,"['AU', 'AT', 'BE', 'BG', 'CY', 'CZ', 'DK', 'DE', 'EE', 'FI']",4.408333333333333,1.0,1,0.8464817248906141,2.900302114803625,1,170.91176470588235,12.217803275289521,411.85714285714283
4uMgzbd8rjGlyvqhosbNW5,Big Scaries,70,4,[],2,2,161.0,140.0,0,0.0,0,0.0,185,"['AR', 'AU', 'AT', 'BE', 'BO', 'BR', 'BG', 'CA', 'CL', 'CO']",0.31666666666666665,5.0,0,0.4345982085070782,0.31413612565445026,0,23.333333333333332,2.101844908722613,0.0
2UxHowdAHxVWPhQQswzpT6,Lomme,985,47,['lo-fi'],50,23,28.53061224489796,18.0,0,0.0,0,0.0,185,"['AR', 'AU', 'AT', 'BE', 'BO', 'BR', 'BG', 'CA', 'CL', 'CO']",4.504166666666666,1.0,1,0.8464817248906141,11.788702928870293,0,19.313725490196077,15.67804327809381,0.0
5xtqw2B8z8JGfDYi2eAZHI,Sonique,78783,64,[],50,2,225.2325581395349,14.0,1,1.0,1,1.0,185,"['AR', 'AU', 'AT', 'BE', 'BR', 'BG', 'CL', 'CO', 'CR', 'CZ']",6.133333333333334,1.0,2,0.8464817248906141,0.23507972665148064,1,1544.764705882353,13.070593607817418,0.5
42KUul1wLmOdQCEYf3MweS,Lonely in the Rain,28603,60,['chill house'],50,11,32.142857142857146,2.0,1,1.0,234,234.0,185,"['AR', 'AU', 'AT', 'BE', 'BO', 'BR', 'BG', 'CA', 'CL', 'CO']",5.75,1.0,2,0.8464817248906141,5.310344827586206,1,560.843137254902,13.46328879090979,117.0
6UtYvUtXnmg5EtllDFlWp8,CHIKA,205698,59,['alternative r&b'],50,25,50.808510638297875,27.0,5,5.0,687,137.4,185,"['AR', 'BE', 'BO', 'BR', 'BG', 'CA', 'CL', 'CO', 'CR', 'CY']",5.654166666666667,1.0,2,0.8464817248906141,9.281200631911533,1,4033.294117647059,11.10431221517285,114.5
6sPQwc6lix6K1Gv64v91Ml,Ambulo,9097,52,"['lo-fi', 'lo-fi beats']",50,7,52.854166666666664,8.0,0,0.0,0,0.0,185,"['AR', 'AU', 'AT', 'BE', 'BO', 'BR', 'BG', 'CA', 'CL', 'CO']",4.983333333333333,1.0,1,0.8464817248906141,2.534573799346241,0,178.37254901960785,13.133384834631709,0.0
72f5AR6hMeL3BwtcO7HqhS,Alison Goldfrapp,32111,41,[],25,3,428.3333333333333,91.0,0,0.0,0,0.0,185,"['AR', 'BE', 'BO', 'BR', 'BG', 'CA', 'CL', 'CO', 'CR', 'CY']",3.5874999999999995,3.0,0,0.6065306597126334,0.19636363636363638,0,1235.0384615384614,9.097386071958475,0.0
6d9dj8RRa5RwzRBL7shG5O,Sami Rhymes,178,0,['spoken word'],4,1,476.3333333333333,17.0,0,0.0,0,0.0,185,"['AR', 'AU', 'AT', 'BE', 'BO', 'BR', 'BG', 'CA', 'CL', 'CO']",0.0,1.0,0,0.8464817248906141,0.059249506254114556,0,35.6,0.0,0.0
23ShYrOhu7gvdxz5NcIQx5,INViDA,2108,33,[],50,12,48.52272727272727,63.0,0,0.0,0,0.0,185,"['AR', 'BO', 'BR', 'BG', 'CA', 'CL', 'CO', 'CR', 'CY', 'CZ']",3.025,2.0,1,0.7165313105737893,4.58465991316932,0,41.333333333333336,9.922048908736297,0.0
0xa5OyGNNTX6qlVb1N71G7,Sam Robs,2138,37,[],3,0,336.0,1582.0,0,0.0,0,0.0,185,"['AR', 'AU', 'AT', 'BE', 'BO', 'BR', 'BG', 'CA', 'CL', 'CO']",0.37,52.0,0,0.00017223225596081014,0.0,0,534.5,11.104327544015367,0.0
